main_category_name,sub_category_name,ranking,title,ori_price,dis_price,discount_percent
ALL,ALL,1,[아이더](신세계센텀점)[21SS]JUM21M01 아이더 키즈 (로데스 )  남여 공용 반팔 반바지 세트 (3가지 컬러),28050,28050,20
ALL,ALL,2,[크리넥스]3겹 순수소프트 화장지 27M 30롤X2팩/휴지 /new,31500,31500,25
ALL,ALL,3,[유한락스]유한락스 new 욕실청소 500mlx4개 +락스 500ml 증정,11900,11900,29
ALL,ALL,4,(1+1+1) 삐아 오토 젤 아이라이너 신규컬러출시,9900,9900,69
ALL,ALL,5,[햇반]CJ제일제당 햇반 백미 36개,31950,31950,1
ALL,ALL,6,올청 변기세정제 변기클리너 45g 60개입,10000,10000,66
ALL,ALL,7,[모나리자]천연펄프 소프트리 퓨어 25m 30롤 3개 (총90롤),23900,23900,25
ALL,ALL,8,[CW청우]왕찹쌀 모나카 27개입 810g/과자/간식/팥/찰떡,11500,11500,58
ALL,ALL,9,[구글플레이](카드가능) 기프트코드 10만원 / 구글 기프트카드,95000,95000,5
ALL,ALL,10,널담은뚱카롱 오직 널 위한 널담마카롱8구 감동세트,11900,11900,50
ALL,ALL,11,[센스(물티슈)]센스물티슈 악어 캡형 100매 10팩+10팩,13500,13500,66
ALL,ALL,12,15%쿠폰 3+1 1+1특가 여름 쿨링 밴딩팬츠모음~4XL,6900,6900,70
ALL,ALL,13,[명품서서갈비]명품 서서갈비 A+육질 돼지양념갈비 1+1 (1.2kg x 2),26950,26950,2
ALL,ALL,14,메이시스 여름 빅사이즈 원피스 블라우스 티셔츠,9900,9900,70
ALL,ALL,15,[스팸]스팸 클래식 340g 10개,29610,29610,10
ALL,ALL,16,[애슐리]애슐리 감바스+빠네+파히타 6인분 홈파티 세트,34500,34500,40
ALL,ALL,17,브리치x허니제이 BEST 15%쿠폰 셔츠/가디건/팬츠,14300,14300,69
ALL,ALL,18,패션라인15%쿠폰여름블라우스 원피스/티셔츠/빅사이즈,12900,12900,70
ALL,ALL,19,[비지트인뉴욕(VISIT IN NEWYORK)] 비지트인뉴욕 코튼100 썬 원피스 2종 (,39000,39000,0
ALL,ALL,20,정직한농부의ABC주스 100포,59900,59900,0
ALL,ALL,21,[에잇세컨즈]10%쿠폰 무배 남녀 S/S 인기 상품 셔츠/원피스/팬츠外,15900,15900,68
ALL,ALL,22,[한국투자증권](한국투자증권) 온라인 금융상품권 50000원권,50000,50000,0
ALL,ALL,23,영의정 제주오메기떡 (60gX20개),15900,15900,50
ALL,ALL,24,[리틀그라운드](신세계경기점)데님인더박스(GR)-와펜라운드썬캡(71311-806-02),30220,30220,16
ALL,ALL,25,[Gfresh]한성 생선까스 1.2kg(20조각),10900,10900,55
ALL,ALL,26,글램공감/브라1+팬티2/속옷세트/A~D컵/빅사이즈,7900,7900,69
ALL,ALL,27,2021 제주 햇 초당 옥수수 20개,29900,29900,0
ALL,ALL,28,[블랙야크키즈](신세계하남점)[블랙야크키즈]  역시즌 한겨울용  헤비급 야상 / 여아 롱다운자켓 3종택1,77130,77130,22
ALL,ALL,29,[구글플레이](카드가능) 기프트코드 5만원 / 구글 기프트카드,47500,47500,5
ALL,ALL,30,국내가공 오다리 장족 400g / 오징어다리 안주 간식,12900,12900,50
ALL,ALL,31,쉬블림로브 15%쿠폰 균일가 블라우스 셔츠 상하세트,8900,8900,69
ALL,ALL,32,[농협](행사상품)믿고먹는_안심농협쌀_20KG 포 ,57730,57730,1
ALL,ALL,33,[스카트]스카트 THE 버블 수세미 베이지 50매X3롤,11900,11900,55
ALL,ALL,34,[드릴펑]배수구 세정제 드릴펑 1L 3개+2L 증정/최종8150원,10900,10900,60
ALL,ALL,35,동치미물냉면 1816G (4인분) X3 + 증정냉면사리 x3,25300,25300,20
ALL,ALL,36,씨투엠에듀 도형학습지 플라토 유치~초등 단계별 선택구매(전4권),24000,24000,50
ALL,ALL,37,스크래치 통3중 인덕션 넌스틱 스텐후라이팬 28cm,19900,19900,50
ALL,ALL,38,[기삼전복] 진도 기삼 손질 전복 20마리 + 게우 4팩,40900,40900,0
ALL,ALL,39,괴물용량 10M 가스렌지 후드필터 외 주방용품 70종,5900,5900,50
ALL,ALL,40,[르헤브]2021년 신형 피톤치드 항균 경추 베개솜 1+1/베개,8900,8900,69
ALL,ALL,41,[헬로]헬로 순수 3겹 천연펄프 화장지 30m 30롤 3팩 특가행사,24500,24500,66
ALL,ALL,42,(행사상품)동진협동_우리토종신동진쌀_10KG 포 ,30600,30600,0
ALL,ALL,43,[윈드피아]가정용 업소용 사무실 스탠드 키높이 선풍기 WA-170,23720,23720,14
ALL,ALL,44,대한농산 생 체리 항공직송 체리1kg/10R,15900,15900,33
ALL,ALL,45,햇 천도 복숭아 (오월화 신선) 3kg/꼬마소과 40-52과/2박스 구매 1kg 증정,9810,9810,10
ALL,ALL,46,[디키즈]17% 추가쿠폰_디키즈 SUMMER 런칭 프로모션,9900,9900,70
ALL,ALL,47,최초2만원인하 타운젠트 21SS 린넨혼방 에어로와플 PK셔츠4종,69000,69000,0
ALL,ALL,48,홈쇼핑히트 21S/S 블라우스/원피스/티셔츠/팬츠 外,9900,9900,70
ALL,ALL,49,[가쯔]멀티 회전고리 논슬립 옷걸이 40개 옷장정리 수납,9900,9900,54
ALL,ALL,50,널담은뚱카롱 오직 널 위한널담은마카롱 사랑 8구세트,11900,11900,50
ALL,ALL,51,[에그머니](카드가능)(에그머니) 온라인 게임상품권 5만원,45000,45000,10
ALL,ALL,52,반팔티셔츠/빅사이즈/여름티/티셔츠/남자/남성/면/티,7900,7900,69
ALL,ALL,53,[CJ고메]바삭쫄깃한 탕수육 450g 3봉,23720,23720,14
ALL,ALL,54,다온샵/여름신상15% 빅사이즈/데님/슬랙스/린넨/팬츠,9900,9900,70
ALL,ALL,55,[베베숲]시그니처 그린 70매 캡 20팩,31000,31000,27
ALL,ALL,56,[풀무원]풀무원  사계절 아삭 포기김치 10kg,39690,39690,2
ALL,ALL,57,[커클랜드]2개 Kirkland 코스트코 야생화 와일드플라워 꿀 허니 아르헨티나 A등급 2.27 kg 빠른직구,37800,37800,15
ALL,ALL,58,[베네피트][베네피트] 베네피트 베스트 틴트 세트(+틴트 디럭스 샘플 증정),22950,22950,15
ALL,ALL,59,네모 트렌디한 여름 취향저격 날씬템 스커트/팬츠,12900,12900,69
ALL,ALL,60,[크리넥스]3겹 데코앤소프트 와이드 35M24롤x1팩/프리미엄 /휴지,22050,22050,2
ALL,ALL,61,수맘 여름 신상입고 15%쿠폰 면 홈웨어 잠옷 세트,5900,5900,69
ALL,ALL,62,[롯데칠성]펩시콜라 제로 210ml x 30캔,12500,12500,26
ALL,ALL,63,[참도깨비]평양냉면 10인분 물냉면/냉면2kg+육수10봉,8900,8900,61
ALL,ALL,64,[닉스]닉스 성인아동 흄 반팔티 티셔츠 청바지 외 특가전,10000,10000,69
ALL,ALL,65,[유니맥스]스탠드 선풍기/가정용 업소용 14형 1407 특가,23640,23640,8
ALL,ALL,66,[모나리자]미용티슈 (280매3입)X4개 화장지 휴지,18900,18900,29
ALL,ALL,67,[순수식품]쏘팔메토 로르산 115 옥타코사놀  6개월분(180캡슐),26900,26900,53
ALL,ALL,68,풀빅산 샴푸 바바풀빅 탈모 샴푸+토닉세트 (강성식),55000,55000,0
ALL,ALL,69,[에잇세컨즈][에잇세컨즈] 블랙 슬릿 퍼프 소매 벨티드 원피스 (121471DYA5),35120,35120,11
ALL,ALL,70,[바다원]건오징어 5미,13400,13400,50
ALL,ALL,71,[아침농산]국산 찰흑미 500g x 3개 2020년산 햅쌀,6900,6900,8
ALL,ALL,72,[미즈노]푸마/미즈노 트레이닝 티셔츠 45종 택1,5900,5900,69
ALL,ALL,73,요즘에/썸머신상+15%/청바지/슬랙스/린넨/반바지/3XL~,9900,9900,70
ALL,ALL,74,[유니프랜드]유니프랜드/오가닉/무형광/유아내의/봄여름신상특가전,4900,4900,69
ALL,ALL,75,전국민15%쿠폰 여름NEW 빅사이즈/롱원피스/데님/4XL~,17400,17400,70
ALL,ALL,76,키즈 아동복 여름 신상 반팔 상하복세트 모음,4900,4900,69
ALL,ALL,77,[동원에프앤비]동원 인포켓 치즈 오리지널 (스트링치즈) x40개 + 증정,22500,22500,29
ALL,ALL,78,경기미 수향미 골드퀸3호 쌀 10kg 20년산,41900,41900,0
ALL,ALL,79,태송즉석새우볶음밥300gx10봉,13500,13500,54
ALL,ALL,80,맥심 아이스믹스110T +110T 총220T /커피믹스,29500,29500,50
ALL,ALL,81,[무로]세탁기입욕제 200g 4개 1박스:세탁조클리너,8900,8900,66
ALL,ALL,82,[Aura]아우라 섬유유연제 딜라이트 스윗만다린 1Lx3개+증정,12900,12900,50
ALL,ALL,83,[아트델리] [최신상 쿠션 + 목걸이패키지]  콜라겐핏 커버 쿠션 패키지,78900,78900,1
ALL,ALL,84,[대웅모닝컴](행사) 21년 신제품 대웅모닝컴 14인치 선풍기 고급형,24900,24900,0
ALL,ALL,85,베트남 노니 원액 주스 1000ml 6병(유통기한 임박),19710,19710,0
ALL,ALL,86,[프롬산타]3+1 봄 신상 면 덧신/양말/스타킹 남자여자발목학생,6900,6900,70
ALL,ALL,87,[카렉스]레인블레이드 듀오 하이브리드 와이퍼,9900,9900,10
ALL,ALL,88,[그리니]그리니 프리미엄 아기물티슈 블루 100매 X 20팩 캡형,14500,14500,50
ALL,ALL,89,아이스냉감~냉장고에서 갓 꺼낸듯한 반팔반바지세트,12900,12900,70
ALL,ALL,90,[배럴]메쉬 샤워 토트백 9L 블랙 (BF9USBG01BKON),24500,24500,2
ALL,ALL,91,3+1 명품향을 담은 향수득템G,11900,11900,69
ALL,ALL,92,[크리넥스]안심 키친타올 120매 4롤 8팩/휴지,25900,25900,24
ALL,ALL,93,[쪽빛누리]비정제원당 설탕대신 원당 10kg 효소 과일청 매실,13900,13900,55
ALL,ALL,94,[오양]치킨너겟 간편한 간식 안주 1kg+1kg 총2kg 특가,9900,9900,55
ALL,ALL,95,[또래친구]주니걸즈 인기 아이템 상하복/원피스/반바지 GIRLS,6900,6900,70
ALL,ALL,96,정식품 심천수 샘물 2LX12개 신제품 생수 행사,5900,5900,50
ALL,ALL,97,루즈델리 썸머15%쿠폰 빅사이즈 롱원피스/투피스 여름,11900,11900,69
ALL,ALL,98,[스팸]스팸 클래식 200g 10개,21510,21510,10
ALL,ALL,99,[아토세이프]15% 할인 습기제거제 520ml 24개입 옷장 선반 제습제,15900,15900,27
ALL,ALL,100,M~4XL여름 남여 쿨론티/면 반팔/기능성/긴팔/빅사이즈,6900,6900,70
ALL,ALL,101,[스카이](1+1) 넥밴드 목걸이 선풍기 윈드300 (화이트+네이비),24630,24630,1
ALL,ALL,102,[햇반]햇반 매일잡곡밥 210g 24개 유통기한 2022.01.02,26910,26910,10
ALL,ALL,103,[아토세이프]15% 할인 고농축 라벤더 세제 2.5L X 4개 총 10000ml,7900,7900,27
ALL,ALL,104,[대우]대우 에어 써큘레이터DEF-KC1020스탠드선풍기 공기순환,34900,34900,0
ALL,ALL,105,[구글플레이](카드가능) 기프트코드 3만원 / 구글 기프트카드,28500,28500,5
ALL,ALL,106,[리큐]액체세탁세제 리큐 일반 2.1Lx6개/쿠폰가16900원,19900,19900,50
ALL,ALL,107,[세타필]세타필 대용량1+1(로션 473ml+로션 473ml) +사은품3종,22900,22900,41
ALL,ALL,108,키즈프렌즈 초등교과 어휘왕 가로세로 낱말 (전3권),27700,27700,10
ALL,ALL,109,[하비비]청개구리 자동 싱크대 클리너 세정제 3개,17800,17800,66
ALL,ALL,110,[니]NII 남녀 여름티셔츠외50종+누구나17%추가할인,9900,9900,70
ALL,ALL,111,[바른]바른 곡물효소 발효효소 식이섬유 유산균 2+1 총3박스,29900,29900,0
ALL,ALL,112,[Gfresh]연안식당 촉촉하게 구워나온 고등어 80g x 10팩,25900,25900,40
ALL,ALL,113,[르젠]르젠 선풍기 LZEF-DC130 화이트,65690,65690,1
ALL,ALL,114,선택2_2박스 구성  청송_당도선별/大사이즈  하이크,44910,44910,0
ALL,ALL,115,(모바일)한밀푸드 명가토종순대국 9팩 상품기획구성,27600,27600,7
ALL,ALL,116,[아디다스](신세계마산점)[SPORTSWEAR]아디다스 반바지/반팔티셔츠 택1 (GK9988 FT2878 FT2879 FT2877 FT2884 GP09...,23300,23300,22
ALL,ALL,117,(1+1) 얼음주머니 다용도 찜질팩 냉온 핫팩 아이스팩,5900,5900,39
ALL,ALL,118,[지오다노]지오다노 린넨 셔츠/여름니트/이지팬츠 外~75%OFF,23000,23000,69
ALL,ALL,119,티탁 여름신상 데일리 세트/원피스/롱티셔츠/빅사이즈,6900,6900,70
ALL,ALL,120,[구글플레이](카드가능) 기프트코드 1만원 / 구글 기프트카드,9500,9500,5
ALL,ALL,121,[베베숲]아기물티슈 프리미어 휴대 캡 20매 12팩,10000,10000,13
ALL,ALL,122,[투투삭스]안벗겨지는 페이크삭스/덧신/패션양말/스니커즈/학생,6900,6900,70
ALL,ALL,123,[제주삼다수]제주삼다수 2L 12병 /생수전문배송,11900,11900,33
ALL,ALL,124,[릴리유]릴리유 퓨어퍼플 물티슈 캡72매X10팩(1BOX),16900,16900,37
ALL,ALL,125,[베이비베이비]베이비베이비 아기물티슈 트윙클120매 20팩 캡형,14900,14900,66
ALL,ALL,126,[제주삼다수]제주삼다수 500ml 40병 /생수전문배송,17000,17000,35
ALL,ALL,127,[네스카페]수프리모 오리지널 300T,24900,24900,13
ALL,ALL,128,[락토핏]락토핏 5X 생유산균 골드 50포 3통(150일분),42900,42900,0
ALL,ALL,129,[정직한패드]20g X 400매 정직한 애견패드 강아지패드 배변패드,26370,26370,1
ALL,ALL,130,[동원참치]라이트스탠다드 85g x 15캔 +랜덤증정,18100,18100,30
ALL,ALL,131,[벨라홈]스크래치 통3중 인덕션 넌스틱 스텐 궁중팬 28cm 튀김,19900,19900,50
ALL,ALL,132,[바닐라코]바닐라코 단한번도 없었던 역대급혜택 1+1+1,22000,22000,50
ALL,ALL,133,[푸마]3차앵콜행사 푸마 남녀 반팔티셔츠/쿨링 냉감 티셔츠,12900,12900,70
ALL,ALL,134,[겔업]겔업 고농축 액체세제 2.5L x 4개 세탁세제 총10000ml,7900,7900,66
ALL,ALL,135,[시크릿데이]시크릿데이 최종 9000원 러브(중형5팩+일라2팩)/생리대,10000,10000,50
ALL,ALL,136,[모이스]1+1+1)목걸이 선풍기 넥밴드 휴대용 미니 탁상용 무선,19900,19900,0
ALL,ALL,137,[크록스]crocs크록스바야밴드샌들슬리퍼비치슈즈크록밴드10종,26900,26900,0
ALL,ALL,138,[스카트]THE보송올인원 습기제거제 1Px30개(한박스)/ 제습제,22100,22100,58
ALL,ALL,139,[오아로]웰빙채소 파프리카 4.8kg(32-40과),23900,23900,7
ALL,ALL,140,[에뛰드]찐 리얼 전품목 50% 특가,25000,25000,50
ALL,ALL,141,[스타벅스]컵커피 카페라떼  200mlX10컵X오거나이저백+아이스포장,23900,23900,50
ALL,ALL,142,[휴비딕]HET-1000 귀체온계  체온측정 체온계g,29260,29260,20
ALL,ALL,143,1+1 메르시앤코 BEST 디퓨저 모음전,19900,19900,50
ALL,ALL,144,[다우니]다우니 엑스퍼트 실내 건조 1L 6개 +사은품,31840,31840,20
ALL,ALL,145,[바다원]진미채 1kg 국내가공 오징어채,16000,16000,45
ALL,ALL,146,[신일전자]신일 14인치 스탠드형 선풍기 SIF-NH1416,56840,56840,2
ALL,ALL,147,[삼성전자]갤럭시 핏2 SM-R220 스마트밴드,49500,49500,0
ALL,ALL,148,[한일전기]가정용 사무실 스탠드형 선풍기 한일전기 EFe-432,44140,44140,1
ALL,ALL,149,엠시피 타투 삼각 아이브로우 1+1 한정특가,8900,8900,69
ALL,ALL,150,[오뚜기]오즈키친 핫크리스피치킨+크리스피치킨 각1봉 (총 2봉),16900,16900,32
ALL,ALL,151,[한촌] 한촌 특 소한마리탕 700g X 10팩,65300,65300,7
ALL,ALL,152,[머렐](대구신세계)머렐 파파고 구스 다운 초경량 자켓 5219JD448 5219JD449,43070,43070,27
ALL,ALL,153,[이지바이](15%쿠폰)추리닝/반팔티/냉감티/밴딩바지/등산바지,7900,7900,69
ALL,ALL,154,[인디안]인디안 시원한 여름 젠틀수트 정장/셔츠/팬츠外,22500,22500,70
ALL,ALL,155,[햇반]CJ 햇반 210g 36개 1박스,34900,34900,0
ALL,ALL,156,자녀교육서 육아서 모음전,13800,13800,0
ALL,ALL,157,정식품 심천수 샘물 2LX24개 신제품 생수 행사,10900,10900,50
ALL,ALL,158,[프렌치카페]프렌치카페 로스터리 컵커피 4종250ml 10+10 골라담기,16900,16900,29
ALL,ALL,159,[BYC][BYC 본사]고급 냉감 9부 밴딩 슬랙스 OSB1002,19800,19800,10
ALL,ALL,160,반야월할매 당면만두 420gx3봉,9900,9900,50
ALL,ALL,161,[엘칸토]엘칸토 남성 소가죽 샌들 선런칭/스니커즈/정장화,45000,45000,65
ALL,ALL,162,쇼인더룸 15%쿠폰특가 여름신상 티셔츠/팬츠/빅사이즈,12900,12900,69
ALL,ALL,163,프레미뇽 에어스윙 밴드/팬티 4팩 모음+블랭킷 증정,59900,59900,50
ALL,ALL,164,9900원 균일가 로델리 여름원피스 블라우스 핫팬츠,9900,9900,70
ALL,ALL,165,[블랑슈]블랑슈 저자극 시그니처 아기물티슈 캡형 100매 10팩,10900,10900,66
ALL,ALL,166,[구글플레이](카드가능) 기프트코드 20만원 / 구글 기프트카드,190000,190000,5
ALL,ALL,167,[아이러브베베]아이러브베베물티슈핑크100매캡형X20팩,13900,13900,50
ALL,ALL,168,[깨끗한나라]순수브라운 3겹 화장지 27m 30롤  x 2팩(특가),22900,22900,66
ALL,ALL,169,[에그머니](카드가능)(에그머니) 온라인 게임상품권 3만원,27000,27000,10
ALL,ALL,170,[케라시스]케라시스 데미지 대용량 샴푸 4000ml +펌프증정,12500,12500,50
ALL,ALL,171,[코카콜라]코카콜라 190ml x 60CAN,28900,28900,9
ALL,ALL,172,[노르딕내추럴]2개 얼티메이트 오메가3 피쉬 젤라틴 1280 mg EPA 650 / DHA 450 레몬 180 소프트젤 Nordic 빠른직구,79900,79900,18
ALL,ALL,173,[대우]대우 14형 가정용 저소음 스탠드선풍기 RK530 특가,29800,29800,5
ALL,ALL,174,[아웃백스테이크하우스](아웃백/빕스)페이즈 기프트_All 5만원권,47500,47500,5
ALL,ALL,175,귤사랑 감귤 하우스감귤 2kg꼬마소과/2개구매시+500g,14500,14500,33
ALL,ALL,176,[웅진]빅토리아  플레인 500ml x 40개입,17800,17800,20
ALL,ALL,177,[아워홈]지리산수 핑크 500ml 80병 /생수전문배송,15840,15840,35
ALL,ALL,178,[젤리스푼]아동복/아동의류/실내복/여름/키즈바람막이/레깅스,9900,9900,70
ALL,ALL,179,마늘 국내산 GAP 남도 통마늘(대) 2kg,14900,14900,0
ALL,ALL,180,[에프킬라]에프킬라 무향 500mlx3개 모기약,9900,9900,45
ALL,ALL,181,[제주삼다수]제주삼다수 2L 6병 /생수전문배송,5500,5500,38
ALL,ALL,182,율스키친X여수삼촌 새우장/간장깐새우장 400gX2개,13500,13500,30
ALL,ALL,183,[애슐리]애슐리 볶음밥 5종(10인분) 1+1+1+1+1,21900,21900,56
ALL,ALL,184,[다이슨]스마일캐시 1만 적립 에어랩 스타일러 볼륨 앤 쉐이프,495880,495880,8
ALL,ALL,185,[칠성사이다]칠성 사이다 210ml x 30캔,11500,11500,27
ALL,ALL,186,타니즈_여름샌들/뮬/슬리퍼 36종(전 상품 7900 균일),7900,7900,69
ALL,ALL,187,[아디다스](신세계의정부점)[New Performance] QUESTAR FLOW NXT M_[FY5951 FY9559],36640,36640,31
ALL,ALL,188,[뉴케어]뉴케어 구수한맛 200ml x 30팩 /친숙한맛 균형영양식,41900,41900,0
ALL,ALL,189,[엘칸토]엘칸토 남녀 샌들/스니커즈/컴포트화/슬립온/로퍼,45000,45000,65
ALL,ALL,190,[캐시밴질랜드 외] 홈쇼핑 인기 샌들/슈즈 23종,19000,19000,0
ALL,ALL,191,[애경트리오]주방세제 트리오 베이킹소다 담은 1.2Lx5개+수세미)),10000,10000,50
ALL,ALL,192,신상 여성샌들 여성슬리퍼 여자 샌들 슬리퍼 여름샌들,9900,9900,70
ALL,ALL,193,[엘레쎄]엘레쎄 SS 의류 인기상품 특가전,20000,20000,68
ALL,ALL,194,[크리넥스]크리넥스 실크소프트 180매X6입 X 2팩/곽티슈,15900,15900,41
ALL,ALL,195,[Gfresh]산과들에 하루 한줌 견과류 원데이프리미엄 100낱봉,38360,38360,1
ALL,ALL,196,마술피리(초록개구리) 소능력자들 전4권 세트,44000,44000,0
ALL,ALL,197,[크린웰]아르떼 새부리형 마스크 KF94 100매 블랙 개별포장,28900,28900,0
ALL,ALL,198,[SOil](S-OIL) 모바일주유권 5만원/ 실시간발송/ 주유상품권,49000,49000,2
ALL,ALL,199,[브리타]막스트라 플러스 필터 3개월분,20390,20390,20
ALL,ALL,200,[백설]포도씨유 900ml 4개,24210,24210,10
e쿠폰/티켓,ALL,1,[컬쳐랜드문화상품권](스마일클럽) 컬쳐랜드 온라인 문화상품권 5만원,46250,46250,7
e쿠폰/티켓,ALL,2,[컬쳐랜드문화상품권](카드가능)(컬쳐랜드) 문화상품권 5만원 /온라인 전용,46500,46500,7
e쿠폰/티켓,ALL,3,[구글플레이](카드가능) 기프트코드 10만원 / 구글 기프트카드,95000,95000,5
e쿠폰/티켓,ALL,4,[한국투자증권](한국투자증권) 온라인 금융상품권 50000원권,50000,50000,0
e쿠폰/티켓,ALL,5,[컬쳐랜드문화상품권](카드가능)(컬쳐랜드) 문화상품권 3만원 /온라인 전용,27900,27900,7
e쿠폰/티켓,ALL,6,[해피머니](카드가능)(해피머니) 온라인상품권 5만원,46500,46500,7
e쿠폰/티켓,ALL,7,[구글플레이](카드가능) 기프트코드 5만원 / 구글 기프트카드,47500,47500,5
e쿠폰/티켓,ALL,8,[구글플레이](카드가능) 기프트코드 3만원 / 구글 기프트카드,28500,28500,5
e쿠폰/티켓,ALL,9,[구글플레이](카드가능) 기프트코드 20만원 / 구글 기프트카드,190000,190000,5
e쿠폰/티켓,ALL,10,[에그머니](카드가능)(에그머니) 온라인 게임상품권 5만원,45000,45000,10
e쿠폰/티켓,ALL,11,[구글플레이](카드가능) 기프트코드 1만원 / 구글 기프트카드,9500,9500,5
e쿠폰/티켓,ALL,12,[해피머니](카드가능)(해피머니) 온라인상품권 3만원,27900,27900,7
e쿠폰/티켓,ALL,13,[SOil](S-OIL) 모바일주유권 5만원/ 실시간발송/ 주유상품권,49000,49000,2
e쿠폰/티켓,ALL,14,[에그머니](카드가능)(에그머니) 온라인 게임상품권 3만원,27000,27000,10
e쿠폰/티켓,ALL,15,[메가박스](메가박스) 메가박스 2D 일반관 예매권,8500,8500,29
e쿠폰/티켓,ALL,16,[SOil](S-OIL) 모바일주유권 5만원권,49000,49000,2
e쿠폰/티켓,ALL,17,[현대백화점](현대백화점) 현대 모바일교환권 10만원,97000,97000,3
e쿠폰/티켓,ALL,18,[구글플레이](카드가능) 기프트코드 5천원 / 구글 기프트카드,4750,4750,5
e쿠폰/티켓,ALL,19,(투썸플레이스) 스트로베리 초콜릿 생크림,31090,31090,8
e쿠폰/티켓,ALL,20,[구글플레이](카드가능) 기프트코드 15만원 / 구글 기프트카드,142500,142500,5
e쿠폰/티켓,ALL,21,비룡소 난 책 읽기가 좋아 세트별 선택구매,188000,188000,10
e쿠폰/티켓,ALL,22,[GS수퍼마켓](GS THE FRESH)금액상품권3만원,28500,28500,5
e쿠폰/티켓,ALL,23,씨투엠에듀 플라토 평면도형/입체도형 교구 선택구매,23100,23100,65
e쿠폰/티켓,ALL,24,[구글플레이](카드가능) 기프트코드 1만 5천원 / 구글 기프트카드,14250,14250,5
e쿠폰/티켓,ALL,25,[커피빈](커피빈) 모바일교환권 3만원권,26100,26100,13
e쿠폰/티켓,ALL,26,[SOil](S-OIL) 모바일주유권 3만원/ 실시간발송/ 주유상품권,29400,29400,2
e쿠폰/티켓,ALL,27,[아웃백스테이크하우스](아웃백/빕스)페이즈 기프트_All 5만원권,47500,47500,5
e쿠폰/티켓,ALL,28,[커피빈](커피빈) 모바일교환권 1만원권,8700,8700,13
e쿠폰/티켓,ALL,29,[컬쳐랜드문화상품권](카드가능)(컬쳐랜드) 온라인문화상품권 1만원권,10000,10000,0
e쿠폰/티켓,ALL,30,[배스킨라빈스](배스킨라빈스) 모바일 3만원권,30000,30000,0
e쿠폰/티켓,ALL,31,(파리바게뜨) NEW 모바일금액권 3만원권,30000,30000,0
e쿠폰/티켓,ALL,32,[SK텔레콤](SK텔레콤) T데이터쿠폰 5GB,24750,24750,25
e쿠폰/티켓,ALL,33,[컬쳐랜드문화상품권](카드가능)(컬쳐랜드) 문화상품권1천원권(ID바로충전),1000,1000,0
e쿠폰/티켓,ALL,34,[해피머니](카드가능)(해피머니) 온라인 상품권 1만원,9500,9500,5
e쿠폰/티켓,ALL,35,대교 리틀프렌즈 사운드 토이북 7종 선택구매(생일/달님/피아노/자동치/드럼/건강/안전),17500,17500,30
e쿠폰/티켓,ALL,36,[배스킨라빈스](배스킨라빈스) 골라 먹는 와츄원,26000,26000,0
e쿠폰/티켓,ALL,37,[커피빈](커피빈) 모바일교환권 2만원권,17400,17400,13
e쿠폰/티켓,ALL,38,[쿠우쿠우](쿠우쿠우) 기프티카드 5만원권,50000,50000,0
e쿠폰/티켓,ALL,39,[호두잉글리시]호두잉글리시M 12개월(1+1) 올패키지,339000,339000,50
e쿠폰/티켓,ALL,40,GS25 / CU / 세븐일레븐 모바일 편의점상품권,4650,4650,0
e쿠폰/티켓,ALL,41,[컬쳐랜드문화상품권](카드가능)(컬쳐랜드) 문화상품권1만원권(ID바로충전),9900,9900,1
e쿠폰/티켓,ALL,42,[배스킨라빈스](배스킨라빈스) 듀얼와츄원 NO.9,30000,30000,0
e쿠폰/티켓,ALL,43,[SOil](S-OIL) 모바일주유권 3만원권,29400,29400,2
e쿠폰/티켓,ALL,44,[엔타스]엔타스상품권 10만원권(경복궁/삿뽀로/고구려/면세점),90000,90000,0
e쿠폰/티켓,ALL,45,[올리브영](올리브영) 기프트카드 5만원권,50000,50000,0
e쿠폰/티켓,ALL,46,어스본 깜짝깜짝 팝업북 5종 낱권 선택구매,12000,12000,14
e쿠폰/티켓,ALL,47,[신세계상품권]신용카드/현대/롯데/신세계백화점상품권/10만원,98100,98100,0
e쿠폰/티켓,ALL,48,[투썸플레이스]투썸플레이스 3만원권,28500,28500,5
e쿠폰/티켓,ALL,49,재팬머니 - 일본 아이튠즈 카드 10000엔 (앱스토어OK),93000,93000,0
e쿠폰/티켓,ALL,50,[아웃백스테이크하우스]아웃백 디지털 3만원권,28170,28170,6
e쿠폰/티켓,ALL,51,[롯데상품권](롯데백화점) 모바일상품권 5만원권,50000,50000,0
e쿠폰/티켓,ALL,52,[넥슨](카드가능)(넥슨)(PIN발송) 온라인게임상품권 5만원,47100,47100,5
e쿠폰/티켓,ALL,53,[GS수퍼마켓](GS THE FRESH)금액상품권2만원,19000,19000,5
e쿠폰/티켓,ALL,54,[컬쳐랜드문화상품권](카드가능)(컬쳐랜드) 온라인문화상품권 5천원권,5000,5000,0
e쿠폰/티켓,ALL,55,[GS25](GS25) 모바일상품권 1만원권,9500,9500,5
e쿠폰/티켓,ALL,56,[맥도날드]맥도날드 디지털 2만원권,20000,20000,0
e쿠폰/티켓,ALL,57,[스타벅스](스타벅스) 아이스 카페아메리카노 Tall,4100,4100,0
e쿠폰/티켓,ALL,58,[투썸플레이스](투썸플레이스) 딸기 생크림 1호,26680,26680,8
e쿠폰/티켓,ALL,59,호두잉글리시  M 12개월 패키지,178000,178000,50
e쿠폰/티켓,ALL,60,[CU](CU) 모바일금액권 1만원/ 실시간발송,9500,9500,5
e쿠폰/티켓,ALL,61,[아웃백스테이크하우스]아웃백 디지털 5만원권,48450,48450,3
e쿠폰/티켓,ALL,62,[코스트코]코스트코상품권 10만원권/회원대용/배송비 1번만 부과,100650,100650,0
e쿠폰/티켓,ALL,63,[CU](CU) 모바일금액권 3만원/ 실시간발송,28500,28500,5
e쿠폰/티켓,ALL,64,[컬쳐랜드문화상품권](카드가능)(컬쳐랜드) 문화상품권5천원권(ID바로충전),4950,4950,1
e쿠폰/티켓,ALL,65,[홈플러스](카드가능)홈플러스 상품권 모바일 교환권 5만원권,50000,50000,0
e쿠폰/티켓,ALL,66,[배스킨라빈스](배스킨라빈스) 패밀리 아이스크림,22000,22000,0
e쿠폰/티켓,ALL,67,[파리바게뜨](파리바게뜨) 고구마케이크,25000,25000,0
e쿠폰/티켓,ALL,68,[스타벅스](스타벅스) Happy Birthday Set,15100,15100,0
e쿠폰/티켓,ALL,69,[이디야커피]이디야커피 디지털 1만원권,9900,9900,1
e쿠폰/티켓,ALL,70,[메가MGC커피](메가커피) 2만원권,19400,19400,3
e쿠폰/티켓,ALL,71,[파리바게뜨](파리바게뜨) 치즈케이크,25000,25000,0
e쿠폰/티켓,ALL,72,[배스킨라빈스](배스킨라빈스) 모바일 5만원권,50000,50000,0
e쿠폰/티켓,ALL,73,(파리바게뜨) NEW 모바일금액권 5만원권,50000,50000,0
e쿠폰/티켓,ALL,74,바이킹스워프 식사권,105000,105000,0
e쿠폰/티켓,ALL,75,[에그머니](카드가능)(에그머니) 온라인 게임상품권 1만원,9600,9600,4
e쿠폰/티켓,ALL,76,[올리브영](올리브영) 기프트카드 3만원권,30000,30000,0
e쿠폰/티켓,ALL,77,(도치맘) 도라 / 디에고 DVD 선택구매,33000,33000,50
e쿠폰/티켓,ALL,78,(파리바게뜨) 시그니처 생딸기 듬뿍 우유생크림케이크,28000,28000,0
e쿠폰/티켓,ALL,79,[BHC](BHC) 뿌링클+콜라1.25L,18240,18240,4
e쿠폰/티켓,ALL,80,[쿠우쿠우](쿠우쿠우) 기프티카드 10만원권,100000,100000,0
e쿠폰/티켓,ALL,81,[올레KT](KT) LTE 데이터쿠폰 5GB,30690,30690,7
e쿠폰/티켓,ALL,82,[GS25]GS25 모바일 2만원권,19000,19000,5
e쿠폰/티켓,ALL,83,[이마트](이마트/트레이더스)이마트 모바일 5만원권,50000,50000,0
e쿠폰/티켓,ALL,84,[해피머니](카드가능)(해피머니) 온라인 상품권 5천원,4750,4750,5
e쿠폰/티켓,ALL,85,[스타벅스](스타벅스) 부드러운 디저트 세트,12700,12700,0
e쿠폰/티켓,ALL,86,[스타벅스](스타벅스) 시원한 아메리카노 커플 세트,8200,8200,0
e쿠폰/티켓,ALL,87,[GS칼텍스]우편)GS/SK/에스오일/현대오일주유상품권/주유권/5만,49400,49400,0
e쿠폰/티켓,ALL,88,[쿠우쿠우](쿠우쿠우) 기프티카드 3만원권,30000,30000,0
여행,ALL,1,(공식판매처) 에버랜드 6월 종일이용권+사파리월드 Q-PASS(6/1~6/30) / 에버랜드큐패스,32000,32000,47
여행,ALL,2,[패스트캠프]21년 최신형 패스트캠프 트라이베카 플러스 4DOOR 원터치 오토텐트+윙플라이,149000,149000,0
여행,ALL,3,(공식판매처) 에버랜드 6월~7월 종일이용권(날짜지정)(6/1~7/28),32000,32000,42
여행,ALL,4,제주신화월드 신화관 2박+조식1회+워터파크+테마파크,439000,439000,0
여행,ALL,5,(공식판매처) 에버랜드 화수목 종일이용권(6/1~7/28 화수목 한정),30000,30000,46
여행,ALL,6,|5%할인|소노벨 비발디파크(오크·파인)(강원 리조트/홍천/춘천/인제/철원/리조트),115830,115830,1
여행,ALL,7,엘리시안 강촌 리조트 1박+조식2인+사우나2인+수상레저or주변입장지 할인패스권,90000,90000,0
여행,ALL,8,롯데월드 자유이용권 3매(종일) + 서울시내호텔 1박,122000,122000,0
여행,ALL,9,경주월드 06월 자유이용권 종일권/오후권(6/1~6/30),20900,20900,0
여행,ALL,10,대전 오월드 자유이용권 | 대전 놀이공원 | 대전 테마파크,17000,17000,0
여행,ALL,11,코엑스아쿠아리움 6월 입장권(코엑스 아쿠아리움/삼성/서울),19900,19900,0
여행,ALL,12,|5%할인|오크밸리리조트(강원 리조트/원주/영월/태백),107090,107090,2
여행,ALL,13,노보텔1박+ 롯데월드/아쿠아리움/서울스카이 中 택1(2매),166000,166000,0
여행,ALL,14,"|5%할인||전남 리조트| 쏠비치 진도 리조트 (해남,완도,진도,강진,장흥,보성,고흥)",150000,150000,0
여행,ALL,15,|5%할인|세인트존스 호텔 (강원/강릉/경포대/강릉호텔)(강원 호텔/강릉/속초/경포대),97020,97020,2
여행,ALL,16,제주 아쿠아플라넷 풀패키지권+카페 택1|아쿠아리움,31000,31000,0
여행,ALL,17,제주 아쿠아플라넷 AQ패키지권+카페 택1|아쿠아리움,28900,28900,0
여행,ALL,18,경기남부 최대 아쿠아리움 아쿠아플라넷 광교 (~6.30),22100,22100,0
여행,ALL,19,[대명리조트](문자전송)강원 홍천 비발디파크 오션월드 입장권+락카+이지패스,16200,16200,4
여행,ALL,20,|5%할인|아르떼 리조트 스파 풀빌라(경남 리조트/사천/남해/진주/함양),136220,136220,2
여행,ALL,21,"|5%할인||전북 리조트| 소노벨 변산 리조트(구 대명리조트 변산) (정읍,부안,김제,고창)",117000,117000,0
여행,ALL,22,[휘닉스]|즉시할인| 휘닉스 평창 호텔 앤 리조트 (강원도/올인클루시브PKG/객실+조식2인+블루캐니언2인),128000,128000,5
여행,ALL,23,(공식판매처) 캐리비안베이 미들시즌 방문일 지정 종일권(5/29~6/25),24900,24900,50
여행,ALL,24,오크밸리리조트(강원도/문막/원주/스키장),76500,76500,0
여행,ALL,25,[웨스틴조선부산]이그제큐티브 비치룸 1박+클럽라운지2인 패키지,330000,330000,0
여행,ALL,26,(당일사용가능) 과천 서울랜드 어린이 종일권/파크이용권/종합권/루나파크/서울/쥬라기,17900,17900,0
여행,ALL,27,2021 캠프통아일랜드 수상레저 얼리버드/가평수상레저/가평/빠지/보트/커플/여행/워터파크/가평빠지/글램핑,50900,50900,0
여행,ALL,28,|5%할인|현대 아이파크 콘도(강원 호텔/고성/양양/동해/삼척),59130,59130,2
여행,ALL,29,"|5%할인||강원 리조트| 메이힐스 리조트 (영월,정선)",49900,49900,0
여행,ALL,30,아쿠아플라넷 일산 평일/주말입장권 일산가볼만한곳/일산데이트,15500,15500,0
여행,ALL,31,서울대공원 리프트 패키지/서울동물원(~08.31),10500,10500,0
여행,ALL,32,(여수)아쿠아플라넷+케이블카 / 아쿠아리움(~6/30),29500,29500,0
여행,ALL,33,|5%할인|더포그레이스 호텔 앤 리조트(제주 호텔/서귀포/서귀포시/중문/표선/성산),57230,57230,3
여행,ALL,34,(충북 제천)리솜리조트 포레스트 리솜 패키지 ~ 7월 15일 까지,172500,172500,0
여행,ALL,35,|5%할인|쏠비치 삼척 리조트 (강원 호텔/삼척/양양/동해/고성),148960,148960,2
여행,ALL,36,SFC/(임직원 전용)부산 아쿠아리움 특가 입장권(~6/30)/부산/아쿠아리움/부산아쿠아리움/SEALIFE,16000,16000,44
여행,ALL,37,(사전예약필수) 키자니아 서울/부산 이용권 (6.1~6.30),13300,13300,0
여행,ALL,38,|5%할인|블루하와이 리조트(제주 리조트/제주공항/애월/함덕),53350,53350,3
여행,ALL,39,"|5%할인|파라다이스 호텔 부산(부산 호텔/해운대/해운대 (센텀,송정)/센텀시티)",263540,263540,0
여행,ALL,40,|강원 정선군| 하이원리조트(하이원/강원랜드/하이원호텔/하이원콘도/스키장/카지노/정선/카지노),90400,90400,0
여행,ALL,41,|5%할인| |제주 서귀포| 호텔 더본 제주,99000,99000,0
여행,ALL,42,롯데월드어드벤처 종일/After4 이용권,28000,28000,41
여행,ALL,43,|5%할인|금강산 콘도(강원 호텔/고성/양양/동해/삼척),57230,57230,3
여행,ALL,44,|강원 고성군| 소노캄 델피노 ( 구 델피노 골프앤 리조트)(대명/대명리조트/델피노/대명리조트 델피노),85000,85000,0
여행,ALL,45,제주 아르떼뮤지엄/ 제주도 미디어아트 전시관,10000,10000,0
여행,ALL,46,"|5%할인||강원 호텔| 속초 썬라이즈 호텔 (속초,고성)",68000,68000,0
여행,ALL,47,(이용1시간전구매) 전국 챔피언키즈카페 44개점(키즈카페/키즈체험/유아체험/키즈/놀이/키즈파크),13500,13500,0
여행,ALL,48,|5%할인|메종 글래드 제주(제주 호텔/제주공항/애월/함덕),111550,111550,3
여행,ALL,49,"|5%할인||강원 호텔| 스카이베이 호텔 경포 (경포대,사천,주문진,정동진)",99000,99000,0
여행,ALL,50,"|5%할인||인천 리조트| 더위크앤리조트 (인천공항,을왕리)",99000,99000,0
여행,ALL,51,제주한화리조트(제주도/한화리조트/제주숙박),82000,82000,0
여행,ALL,52,[패스트캠프]21년 최신형 패스트캠프 트라이베카 플러스 4DOOR 원터치 오토텐트,99000,99000,0
여행,ALL,53,서울/일산/분당/세종 뽀로로파크 1회이용권 (~6/30),16000,16000,20
여행,ALL,54,무창포비체펠리스(충청도/비체/무창포),108000,108000,0
여행,ALL,55,삼척쏠비치호텔앤리조트(강원도/삼척/호텔예약),144000,144000,0
여행,ALL,56,|5%할인|소노문 단양(충북 리조트/단양/청주/제천/충주/보은/금산),69300,69300,1
여행,ALL,57,|강원 삼척시| 쏠비치 삼척(대명/호텔/대명/대명리조트/쏠비치/쏠비치대명/가족여행/삼척/쏠비치호텔),152000,152000,0
여행,ALL,58,한국민속촌 자유이용권,19300,19300,0
여행,ALL,59,"|5%할인||경남 호텔| 호텔 리베라 거제 (거제,통영,고성)",82880,82880,0
여행,ALL,60,|강원| 고성 라벤더꽃(하늬라벤더팜)+속초 외옹치 바다향기로+대포항 당일여행 /국내여행/ 서울경기出,29900,29900,6
여행,ALL,61,|5%할인|파크선샤인 호텔(제주 호텔/서귀포/서귀포시/중문/표선/성산),72750,72750,3
여행,ALL,62,|5%할인||전남 호텔| 히든베이 호텔 (여수),111000,111000,0
여행,ALL,63,|강원 정선군| 하이원 그랜드호텔 메인타워(구 강원랜드호텔)(하이원/강원랜드/하이원콘도/하이원리조트),101700,101700,0
여행,ALL,64,l목포l 목포해상케이블카 일반/크리스탈 캐빈 왕복권,15000,15000,0
여행,ALL,65,|5%할인|영종도 인터루프탑호텔(인천 모텔/중구/을왕리/인천공항),9910,9910,0
여행,ALL,66,|경북 경주시| 한화리조트 경주(한화리조트/한화리조트경주/켄싱턴리조트경주/뽀로로아쿠아빌리지),93000,93000,0
여행,ALL,67,|5%할인||제주 호텔| 제주 팔레스 호텔 (제주시),50000,50000,0
여행,ALL,68,|5%할인|소노벨 비발디파크(메이플)(강원 리조트/홍천/춘천/인제/철원/리조트),135000,135000,0
여행,ALL,69,|강원 고성군| 아이파크콘도(현대설악)(아이파크/고성/속초/아이파크콘도/현대아이파크/일출/현대설악),54240,54240,0
여행,ALL,70,|5%할인|스카이베이호텔 경포(강원 호텔/강릉/속초/양양/고성/오션뷰),96030,96030,3
여행,ALL,71,(과천) 서울랜드 종일권/루나파크/쥬라기랜드/어트랙션,27900,27900,0
여행,ALL,72,부산 벡스코 상상체험 키즈월드/상상체험키즈월드/부산키즈파크/부산놀이동산/부산가볼만한곳,13500,13500,0
여행,ALL,73,|5%할인|신라스테이 서대문(서울 호텔/서대문/마포/홍대/신촌),59080,59080,0
여행,ALL,74,|5%할인|씨크루즈호텔 속초(강원 호텔/속초/강릉/양양/고성),72270,72270,1
여행,ALL,75,"|5%할인||강원 리조트| 한화리조트 설악 쏘라노 (속초,고성)",88500,88500,0
여행,ALL,76,"|5%할인||강원 리조트| 롯데리조트 속초 (속초,고성)",207900,207900,0
여행,ALL,77,|강원 속초시| 현대수리조트 속초(강원도콘도/강원도 콘도/강원콘도/강원 콘도/현대수/속초콘도),44000,44000,0
여행,ALL,78,|제주 서귀포시| 그랜드 조선 제주(그랜드조선/조선그랜드/그랜드조선제주/그랜드/조선/제주/중문),260460,260460,0
여행,ALL,79,(공식판매처) 에버랜드 6월~7월 종일이용권(6/1~7/28),35000,35000,37
여행,ALL,80,|5%할인|소노벨 경주(구 대명리조트 경주)(경북 리조트/경주/포항/울진/영덕),106920,106920,1
여행,ALL,81,|5%할인|블루하와이 호텔(제주 호텔/제주공항/애월/함덕),49000,49000,2
도서/음반,ALL,1,씨투엠에듀 도형학습지 플라토 유치~초등 단계별 선택구매(전4권),24000,24000,50
여행,ALL,82,|5%할인|호텔 탑스텐(강원 호텔/강릉/속초/양양/고성),112040,112040,2
여행,ALL,83,"|5%할인||강원 리조트| 소노펠리체 빌리지 비발디파크 (구 소노빌리지) (홍천,횡성)",250000,250000,0
여행,ALL,84,제주 국제리더스클럽 / 제주도 럭셔리 요트투어 보트낚시,180000,180000,0
여행,ALL,85,|5%할인|휘슬락 호텔(제주 호텔/제주공항/애월/함덕),68600,68600,2
여행,ALL,86,마산 창원 로봇랜드 패밀리 자유이용권 (주말),39200,39200,2
여행,ALL,87,"|5%할인||부산 호텔| 크라운 하버호텔 부산 (남포동,중앙동,태종대,송도,영도)",68500,68500,0
여행,ALL,88,"|5%할인||경북 리조트| 소노벨 경주 (구 대명리조트 경주) (경주(보문단지,황리단길,불국사,양남,감포,안강))",108000,108000,0
여행,ALL,89,|5%할인||강원 호텔| 켄싱턴호텔 평창(구 켄싱턴 플로라 호텔) (평창),89900,89900,0
여행,ALL,90,|5%할인|고흥 썬밸리리조트(전남 리조트/고흥/광양/구례/순천/화순/남원),89240,89240,3
여행,ALL,91,"|5%할인||서울 호텔| 페어필드 바이 메리어트 서울 (영등포,여의도)",51000,51000,0
여행,ALL,92,|5%할인||제주 호텔| 랜딩관 제주신화월드 호텔앤리조트 (서귀포시),121000,121000,0
여행,ALL,93,|강원 고성군| 오션투유리조트 속초설악비치 호텔앤콘도(고성/속초/고성숙소/고성숙박/고성리조트),39900,39900,0
여행,ALL,94,"|5%할인||강원 호텔| 하이원 그랜드 호텔 메인타워(구.강원랜드호텔) (영월,정선)",89600,89600,0
여행,ALL,95,(문자발송) 안성팜랜드 입장권(6/7~7/18)/안성/경기도/안성팜랜드,9000,9000,0
여행,ALL,96,|5%할인|라마다 속초(강원 호텔/속초/강릉/양양/고성),84950,84950,0
여행,ALL,97,|5%할인|인터컨티넨탈 서울 코엑스(서울 호텔/강남/역삼/삼성/신사/청담),115430,115430,3
여행,ALL,98,|강원 속초시| 금호설악리조트(속초/설악금호/금호리조트/금호/금호콘도/강원도/설악산/속초/강원도콘도),60000,60000,0
여행,ALL,99,|인천 중구| 리베라베리움호텔 영종(인천호텔/영종도호텔/영종도/구읍뱃터/월미도/레일바이크/인천공항),26000,26000,0
여행,ALL,100,아쿠아플라넷 여수 입장권(아쿠아리움),17400,17400,0
도서/음반,ALL,2,(반짝특가)도서출판무지개-추피의생활이야기 전71종 단품구매,171420,171420,45
도서/음반,ALL,3,문해력을 키워주는 필독서 13종,145820,145820,41
도서/음반,ALL,4,마술피리(초록개구리) 소능력자들 전4권 세트,44000,44000,0
도서/음반,ALL,5,키즈프렌즈 초등교과 어휘왕 가로세로 낱말 (전3권),27700,27700,10
도서/음반,ALL,6,[비룡소]비룡소 사각사각 그림책 (전25권),239200,239200,9
도서/음반,ALL,7,국일아이 명탐정 셜록 홈즈 시리즈 10권 세트,100000,100000,9
도서/음반,ALL,8,자녀교육서 육아서 모음전,13800,13800,0
도서/음반,ALL,9,[천재교육]돌잡이 수학(전 18종+디지털북) - 펜 미포함,99000,99000,0
도서/음반,ALL,10,어스본 깜짝깜짝 팝업북 5종세트,60000,60000,40
도서/음반,ALL,11,C_또래 퀴즈 시리즈 8종 특별 세트 (인물/과학/세계/호기심/한국사/사회/상식/신기한),80000,80000,20
도서/음반,ALL,12,백유연 그림책 세트 (전4권),51000,51000,10
도서/음반,ALL,13,어떻게 말해줘야 할까- 오은영,15750,15750,0
도서/음반,ALL,14,조국의 시간,15300,15300,0
도서/음반,ALL,15,(반짝특가)한국톨스토이-교과서으뜸개념수학탐구/68권,292840,292840,16
도서/음반,ALL,16,비룡소 사각사각 그림책 26~29번 (전4권),54000,54000,10
도서/음반,ALL,17,비룡소 난 책 읽기가 좋아 세트별 선택구매,188000,188000,10
도서/음반,ALL,18,[별똥별]별똥별을 타고 온 외계인 인체동화 (세이펜미포함)-브로마이드증정,49500,49500,10
도서/음반,ALL,19,조국의 시간 - 아픔과 진실 말하지 못한 생각,15300,15300,0
도서/음반,ALL,20,(봄이아트북스) 다국어병풍/차트 명화병풍/차트 선택구매,38000,38000,44
도서/음반,ALL,21,씨투엠에듀 플라토 평면도형/입체도형 교구 선택구매,23100,23100,65
도서/음반,ALL,22,수퍼맘스토리카페/맥그로힐출판사에서 만든 미국교과서/원더스 레벨드리더/Wonders Leveled Reader,148800,148800,50
도서/음반,ALL,23,수퍼맘스토리카페/리틀버디리더스 3개국어/영어/중국어/스페인어/Little Birdie Readers/6월21일배송,78800,78800,50
도서/음반,ALL,24,A_또래 퀴즈 시리즈 4종 특별 세트 (과학/호기심/세계/인물),40000,40000,0
도서/음반,ALL,25,소원나무 창작그림책세트,210000,210000,0
도서/음반,ALL,26,혼공 기초 영문법 세트(레벨 1~3) + 중학영문법 총정리,51000,51000,0
도서/음반,ALL,27,[애플비]애플비  CD북 4종세트 (우리동요 전래동화 영어동요 명작동화),34000,34000,10
도서/음반,ALL,28,문해력을 키워주는 필독서 14종,157690,157690,10
도서/음반,ALL,29,한글이 나르샤 5권세트 (2020년 최신개정판),45000,45000,10
도서/음반,ALL,30,어스본 요리조리 열어보는 시리즈 22종 낱권 선택구매,13000,13000,13
도서/음반,ALL,31,솟아라 영어의 자신감/명확한 INPUT/자신있는 OUTPUT/BOOST UP/부스트업,96000,96000,25
도서/음반,ALL,32,아이돌마스터 밀리언라이브 한국 한정 특전 세트   매거진 플러스 편집부,55800,55800,0
도서/음반,ALL,33,혼공 기초영문법 세트(전3권 / 레벨 1~3),36000,36000,0
도서/음반,ALL,34,(카드할인특가) 튤립사운드북 크리스마스캐럴 예쁜 아기 동요 외 스마트베어 특가,13350,13350,11
도서/음반,ALL,35,[천재교육]돌잡이 한글(전 18종+디지털북) - 펜 미포함,99000,99000,0
도서/음반,ALL,36,비룡소-최승호 시인의 말놀이 동시집 세트 (전5권),50000,50000,10
도서/음반,ALL,37,[꼬마대통령]꼬마 대통령 인체탐험대시리즈 12권(세이펜 적용가능),62000,62000,8
도서/음반,ALL,38,[시공주니어]시공주니어  무지개 물고기 시리즈 8권 세트,78000,78000,9
도서/음반,ALL,39,와이즈만 호기심 그림책 8종/손으로 만드는 과학 2종 세트별 선택구매,60000,60000,14
도서/음반,ALL,40,JYBOOKS Brain Quest (전2종),31200,31200,29
도서/음반,ALL,41,반디BOOKS 강력추천 스테디셀러 150종 파격제안,3900,3900,0
도서/음반,ALL,42,[엠앤브이]티시태시 7종세트 or 엄마까투리 10종세트 선택구매,52000,52000,52
컴퓨터/전자,ALL,1,[윈드피아]가정용 업소용 사무실 스탠드 키높이 선풍기 WA-170,23720,23720,14
도서/음반,ALL,43,(동아출판) 초능력 수학 연산 구구단,10000,10000,0
도서/음반,ALL,44,ㄱㄴㄷ그림책 세트 (전6권),71800,71800,18
도서/음반,ALL,45,(Expansion ver.) 엑소 (EXO) - DON’T FIGHT THE FEELING (스페셜 앨범),11500,11500,0
도서/음반,ALL,46,(차일드아카데미) 세계테마그림책 스토리팡(본책 50종 + 구연동화USB),217140,217140,32
도서/음반,ALL,47,푸른날개 빵빵 친구들 시리즈 전5권,50000,50000,9
도서/음반,ALL,48,(좋은책어린이) 저학년 문고 G 1~120권 세트 (전120권),712660,712660,28
도서/음반,ALL,49,두뇌야 놀자 -숨은 그림찾기 시리즈 전5권(미개봉 새책),34500,34500,40
도서/음반,ALL,50,문제 해결의 길잡이 원리 1-2 (2021년용) / 공구 특가판매,12000,12000,0
도서/음반,ALL,51,혼공 중학 영문법 문제특강 세트(전3권 / 레벨 1~3),37500,37500,0
도서/음반,ALL,52,시공 주니어문고 NEW 베스트 30 - 123레벨 선택구매,200000,200000,21
도서/음반,ALL,53,대교 리틀프렌즈 사운드 토이북 7종 선택구매(생일/달님/피아노/자동치/드럼/건강/안전),17500,17500,30
도서/음반,ALL,54,개념원리 RPM 알피엠 중학 수학 2-2 (2021년용),14000,14000,0
도서/음반,ALL,55,꿈터 이상한 학교 시리즈 세트 (전3권),30800,30800,6
도서/음반,ALL,56,[천재교육]빅키즈 수학(전 29종+디지털북) - 펜 미포함,92400,92400,23
도서/음반,ALL,57,조국의 시간 : 아픔과 진실 말하지 못한 생각  조국,15300,15300,0
도서/음반,ALL,58,만화 그리스 로마신화 (본책25권+워크북25권),258000,258000,7
도서/음반,ALL,59,개념원리 중학 수학 3-2 (2021년용),16000,16000,0
도서/음반,ALL,60,기탄 사고력 수학 세트 외 시리즈 선택(기탄수학/큰수학/국어/한글/영어/한자/떼기시리즈/영역별수학),25200,25200,10
도서/음반,ALL,61,(한솔교육) 기관용 한솔활짝e 한글나라(10호),171420,171420,31
컴퓨터/전자,ALL,2,[애플]애플워치SE 40mm GPS  알루미늄 케이스 MYDM2KH/A,352170,352170,9
컴퓨터/전자,ALL,3,[유니맥스]스탠드 선풍기/가정용 업소용 14형 1407 특가,23640,23640,8
컴퓨터/전자,ALL,4,[애플]애플 펜슬 2세대 MU8F2KH/A,165620,165620,9
컴퓨터/전자,ALL,5,[대우]대우 에어 써큘레이터DEF-KC1020스탠드선풍기 공기순환,34900,34900,0
컴퓨터/전자,ALL,6,[샤오미]JISU 넥밴드  선풍기 무날개 선풍기/화이트 1+1,35600,35600,0
컴퓨터/전자,ALL,7,[모이스]1+1+1)목걸이 선풍기 넥밴드 휴대용 미니 탁상용 무선,19900,19900,0
컴퓨터/전자,ALL,8,[애플]애플워치SE 40mm GPS 알루미늄 케이스 MYDP2KH/A,352170,352170,9
컴퓨터/전자,ALL,9,[다이슨]스마일캐시 1만 적립 에어랩 스타일러 볼륨 앤 쉐이프,495880,495880,8
컴퓨터/전자,ALL,10,[대웅모닝컴]대웅 3D 입체회전 리모컨 스탠드 써큘레이터 선풍기,38900,38900,0
컴퓨터/전자,ALL,11,[신일전자]신일 기본형 선풍기 SIF-12PNX,49900,49900,0
컴퓨터/전자,ALL,12,[애플]애플워치SE 44mm GPS 알루미늄 케이스 MYDT2KH/A,392210,392210,9
컴퓨터/전자,ALL,13,[파빌리온]파빌리온 가성비 PC TG01-1602KL (예약판매),899000,899000,4
컴퓨터/전자,ALL,14,[대웅모닝컴](행사) 21년 신제품 대웅모닝컴 14인치 선풍기 고급형,24900,24900,0
컴퓨터/전자,ALL,15,[솔러스에어]1+1 2개 무선 선풍기 탁상용 미니 휴대용 캠핑 벽걸이,49900,49900,0
컴퓨터/전자,ALL,16,[대웅모닝컴]스탠드 리모컨 전자식 써큘레이터 신제품(YKR),37520,37520,3
컴퓨터/전자,ALL,17,[스카이](1+1) 넥밴드 목걸이 선풍기 윈드300 (화이트+네이비),24630,24630,1
컴퓨터/전자,ALL,18,[유파]빠른배송 유파 선풍기/리모컨/초미풍/발터치 TSK-3528CR,30640,30640,3
컴퓨터/전자,ALL,19,[윈드피아]날개없는 선풍기 타워형선풍기 타워팬 WINDPIA-6ST,26270,26270,14
컴퓨터/전자,ALL,20,[위닉스]위닉스 뽀송 제습기 10리터 DXAE100-JWK,225000,225000,0
컴퓨터/전자,ALL,21,[애플]Apple 정품 에어팟프로 MWP22KH/A (카드 즉시할인),262990,262990,9
컴퓨터/전자,ALL,22,[스카이](1+1) 넥밴드 목걸이 선풍기 윈드300 (화이트+핑크),24660,24660,0
도서/음반,ALL,62,꼬마 중장비 친구들 시리즈 세트(전3권),36000,36000,10
도서/음반,ALL,63,[비룡소]비룡소 마법의 시간여행 (전59권),375000,375000,50
도서/음반,ALL,64,SET(Summer+Queen+포스터2종+지관통) 브레이브 걸스 (Brave Girls) - Summer Queen (미니앨범 5집),29800,29800,0
도서/음반,ALL,65,[호두잉글리시]호두잉글리시M 12개월(1+1) 올패키지,339000,339000,50
도서/음반,ALL,66,(크래비티) CRAVITY LEAGUE OF THE UNIVERSE,45000,45000,0
도서/음반,ALL,67,(길벗어린이) 내가 처음 만난 예술가 전10권,90000,90000,10
도서/음반,ALL,68,정용화 (JUNG YONG HWA) - YONG STAY MD - 노리개 키링 (NORIGAE KEYRING),22000,22000,0
도서/음반,ALL,69,김영진그림책세트 (전13권),165000,165000,0
도서/음반,ALL,70,펭수 코스튬 동작인형 30cm -토끼,30400,30400,0
도서/음반,ALL,71,문제 해결의 길잡이 원리 3-2 (2021년용) / 공구 특가판매,13000,13000,0
도서/음반,ALL,72,MONSTA X Mini Album ONE OF A KIND - KiT ALBUM (몬스타엑스 미니9집 키트 앨범),21800,21800,0
도서/음반,ALL,73,문제 해결의 길잡이 원리 2-2 (2021년용) / 공구 특가판매,12000,12000,0
도서/음반,ALL,74,개념원리 고등 수학 (하/ 2021년용),15000,15000,0
도서/음반,ALL,75,(좋은책어린이) 저학년 문고 A 1~20권 세트,119000,119000,2
도서/음반,ALL,76,문제 해결의 길잡이 원리 1-1 (2021년용) / 공구 특가판매,12000,12000,0
도서/음반,ALL,77,수퍼맘스토리카페/NGSS에 기반해 창의력을 키우는 미국교과서/Inspire Science/번역본제공,62480,62480,29
도서/음반,ALL,78,동아 연세 초등 국어사전(제4판전면개정)2020최신판,32400,32400,0
컴퓨터/전자,ALL,23,(세이프웨이) 봉봉팬2 미니 무선 선풍기,34900,34900,0
컴퓨터/전자,ALL,24,[LG전자]LG 휘센 벽걸이 에어컨 SQ06BAPWCS 전국기본설치포함,552000,552000,8
컴퓨터/전자,ALL,25,[갤럭시][삼성정품/당일발송] 갤럭시탭A 8.0 2019 WIFI 32G 블랙/실버 SM-T290,139330,139330,14
컴퓨터/전자,ALL,26,[일렉트로룩스]18V 무선청소기 ZB3311 AK + 4종 노즐 증정,149000,149000,0
컴퓨터/전자,ALL,27,[알피쿨]Cartour알피쿨 K25모델 독일콤프,155000,155000,0
컴퓨터/전자,ALL,28,[콘에어]초강력 터보 핸디 스팀다리미 GS39K 혜택 5만원대,64900,64900,0
컴퓨터/전자,ALL,29,[신일전자]신일 14인치 스탠드형 선풍기 SIF-NH1416,56840,56840,2
컴퓨터/전자,ALL,30,[윈드피아]퓨어블랙 리모컨 타워형 선풍기 타워팬,39900,39900,0
컴퓨터/전자,ALL,31,[르젠]신제품 르젠 입체회전 BLDC 저소음 선풍기 LZDF-TR08,79800,79800,0
컴퓨터/전자,ALL,32,[삼성전자]갤럭시 핏2 SM-R220 스마트밴드,49500,49500,0
컴퓨터/전자,ALL,33,[비달사순]비달사순 2000W 전문가용 헤어드라이기 VSD5129K,20800,20800,0
컴퓨터/전자,ALL,34,[프롬비](1+1)넥밴드 목걸이 휴대용 무선 선풍기 FB151(그+화),39800,39800,0
컴퓨터/전자,ALL,35,[대웅모닝컴]대웅 가정용 스탠드선풍기  신제품출시_CZ-B3978LS,24540,24540,5
컴퓨터/전자,ALL,36,[르젠][AK기획] 르젠 2세대 앱연동 저소음 초절전 스마트 BLDC 선풍기 에코팬 LZEF-DC240,65190,65190,5
컴퓨터/전자,ALL,37,[에브리봇]로봇청소기 3i (S급리퍼브) (10%할인+중복쿠폰),302220,302220,6
컴퓨터/전자,ALL,38,[애플]애플워치SE 44mm GPS 알루미늄 케이스 MYDQ2KH/A,392210,392210,9
컴퓨터/전자,ALL,39,[뽀송](공식인증점)위닉스 제습기 16리터 DN2H160-IWK 1등급,359000,359000,0
도서/음반,ALL,79,개념원리 RPM 알피엠 중학 수학 3-1 (2021년용),15000,15000,0
도서/음반,ALL,80,애플북스 까칠한 재석이 시리즈 세트 (전7권),66600,66600,10
도서/음반,ALL,81,이런 수학은 처음이야 : 읽다 보면 저절로 개념이 잡히는 놀라운 이야기  최영기,14220,14220,0
도서/음반,ALL,82,신나는 교과 체험학습 전70권,604000,604000,9
도서/음반,ALL,83,이런 수학은 처음이야 2 : 읽다 보면 저절로 문제가 풀리는 ‘수’의 원리  최영기,14220,14220,0
도서/음반,ALL,84,(세트/특전6장+앨범3종+포스터3장+지관통증정) 에이스 (A.C.E) - 미니앨범 5집 SIREN : DAWN,53400,53400,0
도서/음반,ALL,85,웅진주니어 똑똑똑 사회 그림책 (전36권),299500,299500,9
도서/음반,ALL,86,정용화 (JUNG YONG HWA) - YONG STAY MD - 수저 세트 (KOREAN CUTLERY SET),24000,24000,0
도서/음반,ALL,87,(Expansion Ver / 버전선택) 엑소 (EXO) / 스페셜 앨범 DON T FIGHT THE FEELING,11500,11500,0
도서/음반,ALL,88,(기린미디어/벽차트2종추가증정)이미지 한글 카드 엄마표 한글떼기 150,28000,28000,44
도서/음반,ALL,89,어린이 로스쿨 시리즈 (본책8권 + 워크북8권)_전16권,110000,110000,10
도서/음반,ALL,90,문제 해결의 길잡이 원리 3-1 (2021년용) / 공구 특가판매,13000,13000,0
도서/음반,ALL,91,리틀씨앤톡 쏙쏙 가로세로 낱말퍼즐 (전5권),45000,45000,10
도서/음반,ALL,92,정용화 (JUNG YONG HWA) - YONG STAY MD - 부채 (FOLDING FAN),18000,18000,0
도서/음반,ALL,93,개념원리 고등 수학 (상/ 2021년용),17000,17000,0
도서/음반,ALL,94,어스본 깜짝깜짝 팝업북 5종 낱권 선택구매,12000,12000,14
도서/음반,ALL,95,저녁의 아이들,3600,3600,0
도서/음반,ALL,96,문제 해결의 길잡이 심화 2학년 (2021년용) / 공구 특가판매,13500,13500,0
도서/음반,ALL,97,(Photo Book Ver.) NCT DREAM (엔시티 드림) - 정규1집 리패키지 앨범 Hello Future,15500,15500,0
컴퓨터/전자,ALL,40,[샤오미]샤오미 미지아 직류 스탠드 선풍기 1X  BPLDS01DM,55800,55800,0
컴퓨터/전자,ALL,41,SONGJING SJ-125E  스마트 대용량 제습기,104000,104000,0
컴퓨터/전자,ALL,42,[envy]HP 노트북 ENVY X360 13-ay0090AU,1019000,1019000,11
컴퓨터/전자,ALL,43,[이노크아든]써큘레이터형 발터치 리모컨 스탠드 선풍기 특가 F100,38350,38350,1
컴퓨터/전자,ALL,44,[샤오미]JISU 넥밴드  선풍기 더블더빈 선풍기/화이트 정품보증,21500,21500,0
컴퓨터/전자,ALL,45,[엔보우]모노 탁상용 무선 휴대용 선풍기 1+1(할인 이벤트),27900,27900,0
컴퓨터/전자,ALL,46,[유닉스]메탈티 무광블랙 1600W 헤어 드라이기 UN-A1610 접이식,21900,21900,8
컴퓨터/전자,ALL,47,[한일전기]가정용 사무실 스탠드형 선풍기 한일전기 EFe-432,44140,44140,1
컴퓨터/전자,ALL,48,[윈드피아]블랙S 가정용 업소용 선풍기 벽걸이선풍기 WF-1616R,17680,17680,15
컴퓨터/전자,ALL,49,[신일전자]SIF-FA400A 신일 BLDC 에어서큘레이터 스탠드형 /LK,101550,101550,5
컴퓨터/전자,ALL,50,[코아존]코아존 무선 충전 칫솔살균기 칫솔건조기 (화이트),23900,23900,14
컴퓨터/전자,ALL,51,[신일전자][신일] [블랙]  에어서큘레이터(SIF-FA400A),139000,139000,6
컴퓨터/전자,ALL,52,[신일전자]신일 국내산 초미풍 스탠드 선풍기 SIF-14HKW,59130,59130,5
컴퓨터/전자,ALL,53,[다이슨]에어랩 롱배럴 30mm/40mm /20mm 헤어액세서리,67900,67900,2
컴퓨터/전자,ALL,54,[샤오미]샤오미 미지아 타워팬 스탠드형 선풍기BPTS01DM,51500,51500,0
컴퓨터/전자,ALL,55,[솔러스에어]1+1 2개 세트 휴대용 미니 무선 탁상용 캠핑 선풍기,44900,44900,0
컴퓨터/전자,ALL,56,[신일전자]신일 BLDC 에어써큘레이터 스탠드형 SIF-PC40DKY,106900,106900,0
컴퓨터/전자,ALL,57,[에브리봇]에브리봇 물걸레 로봇청소기 Edge (최종가 231800),249000,249000,4
컴퓨터/전자,ALL,58,[아이리스코리아]아이리스 저소음 써큘레이터 선풍기 IE-AC15T  화이트,49900,49900,0
컴퓨터/전자,ALL,59,[디오스]LG DIOS 식기세척기 DUB22WA 21년형 중복쿠폰+카드할인,1055000,1055000,9
컴퓨터/전자,ALL,60,[피스넷]끊김없는 완전무선 블루투스이어폰 피스넷 프리고,43900,43900,16
도서/음반,ALL,98,문제 해결의 길잡이 심화 3학년 (2021년용) / 공구 특가판매,13500,13500,0
도서/음반,ALL,99,스마일북스베스트 차일드 애플 세트별 선택구매,49360,49360,10
도서/음반,ALL,100,(풀빛)천방지축 좌충우돌 숭민이의 일기 전5권/창작동화 시리즈 베스트,53640,53640,10
스포츠/자동차,ALL,1,[아디다스](신세계마산점)[SPORTSWEAR]아디다스 반바지/반팔티셔츠 택1 (GK9988 FT2878 FT2879 FT2877 FT2884 GP09...,23300,23300,22
컴퓨터/전자,ALL,61,[신지모루]삼성 갤럭시 핸드폰 풀커버 액정보호필름 강화유리 X,3900,3900,0
컴퓨터/전자,ALL,62,[윈드피아]가정용 업소용 스탠드 리모컨 선풍기  인기상품WA1700R,34900,34900,0
컴퓨터/전자,ALL,63,[한일전기]선풍기 35cm스탠드형 EFE-487,43030,43030,1
컴퓨터/전자,ALL,64,[애플]애플워치SE 40mm GPS 알루미늄 케이스 MYDN2KH/A,352170,352170,9
컴퓨터/전자,ALL,65,[윈드피아]가정용 업소용 풋터치 리모컨 선풍기 WF-148XJ-145FR,37320,37320,14
컴퓨터/전자,ALL,66,[삼성전자]양문형냉장고 RS84T5041M9 푸드쇼케이스 설치배송,999000,999000,0
컴퓨터/전자,ALL,67,[MSI]GP75 레오파드 9SDK  GTX1660Ti 탑재 /최종가 102만원,1149000,1149000,6
컴퓨터/전자,ALL,68,[스카이](1+1) 넥밴드 목걸이 선풍기 윈드300 (핑크+네이비),24660,24660,0
컴퓨터/전자,ALL,69,[르젠]내일도착 르젠 2세대 앱연동 BLDC 선풍기 LZEF-DC180 그레이,66310,66310,5
컴퓨터/전자,ALL,70,[휘센]LG전자 DQ200PSAA 휘센 제습기 20L 실버,542020,542020,27
컴퓨터/전자,ALL,71,[애플][국내당일발송/정품]애플 에어팟 2세대 유선 충전 MV7N2KH/A,165300,165300,13
컴퓨터/전자,ALL,72,한경희 저소음 가정용 제습기 HE-D707 7L 21년 최신상,179000,179000,0
컴퓨터/전자,ALL,73,[objet][LG전자] LG AO9571WKT 오브제 올인원타워 무선청소기,1286160,1286160,8
컴퓨터/전자,ALL,74,[다이슨]스마일 캐시 1만 적립  쿨  선풍기 타워형(화이트),367080,367080,8
컴퓨터/전자,ALL,75,비비딕 바퀴 개미 쥐 해충 벌레 초음파퇴치기 일반형,29800,29800,0
컴퓨터/전자,ALL,76,[아이패드프로]아이패드프로11 3세대 M1 WiFi 256GB MHQU3KH/A,1089140,1089140,7
컴퓨터/전자,ALL,77,[스피디]슬림 듀얼 보조배터리 10000mAh (케이블+젠더),7900,7900,0
컴퓨터/전자,ALL,78,[통돌이][LG] 통돌이 세탁기 16kg TR16MK,481950,481950,10
컴퓨터/전자,ALL,79,[신일전자]신일 선풍기 SIF-P14PCB 스탠드형 써큘레이터형,59800,59800,5
컴퓨터/전자,ALL,80,엠엔전자 베이직 초미풍 키높이 선풍기 FN-35GW,28410,28410,4
스포츠/자동차,ALL,2,[아디다스](신세계김해점)[UNISEX RUNNING] 러닝화 택1 (H00555 H00554 H00553 H00576 H00575 FZ2044 FZ2046 FZ205...,46340,46340,21
스포츠/자동차,ALL,3,[케이투](21년 SS시즌 역시즌다운)  남여공용 구스다운 SPACE DOWN (NASA) KMW19571,62480,62480,16
스포츠/자동차,ALL,4,[푸마]3차앵콜행사 푸마 남녀 반팔티셔츠/쿨링 냉감 티셔츠,12900,12900,70
스포츠/자동차,ALL,5,[뮬라웨어]17%+10% 뮬라웨어 브랜드세일 올데이웨어 특가 Vol.1,17400,17400,61
스포츠/자동차,ALL,6,[휠라]클래식 킥스 B FS1SIB1121XBEG,23000,23000,0
스포츠/자동차,ALL,7,아보크 여성샌들/트레킹화 모음전,24900,24900,0
스포츠/자동차,ALL,8,[아디다스]성인반팔 12종 택 1 (FM5371FM5370),18320,18320,17
스포츠/자동차,ALL,9,[아디다스](신세계의정부점)[New Performance] QUESTAR FLOW NXT M_[FY5951 FY9559],36640,36640,31
스포츠/자동차,ALL,10,[슬레진저]여름신상 3900원~ 반팔티/반바지/레깅스/쿨바지 반값,3900,3900,60
스포츠/자동차,ALL,11,[크록스]21년신상 크록스 샌들/크록밴드/레인부츠 24종모음,23900,23900,50
스포츠/자동차,ALL,12,[엘레쎄]엘레쎄 SS 의류 인기상품 특가전,20000,20000,68
스포츠/자동차,ALL,13,[프로스펙스]남여공용 초경량 워킹화/런닝화 자우스트 베이로드 TX501 7종,31280,31280,19
스포츠/자동차,ALL,14,[아디다스](신세계김해점)[UNISEX SWIM] 슬라이드/크록 택1 (FY8786 FY6034 S82137 CG3425 EG1850 F35565 FY8969 F...,24980,24980,21
스포츠/자동차,ALL,15,[레드페이스]레드페이스 여름 인기 등산의류 ~92% SALE,13500,13500,70
스포츠/자동차,ALL,16,[아이더]갤러리아   20S/S  아이더 POP 스트라이프 폴로 남성/여성 티셔츠  DMM20277,18480,18480,23
스포츠/자동차,ALL,17,(현대백화점)[MILLET]21SS 남성 봄 여름 등산 바지 2종 택1 MUQUP442/MUQSP435,33150,33150,15
스포츠/자동차,ALL,18,[아디다스]나이키外 상하의 세트/반팔/반바지/유니폼/단체복,29900,29900,60
스포츠/자동차,ALL,19,[휠라]클래식 킥스 B FS1SIB1120XBLK,23000,23000,0
스포츠/자동차,ALL,20,마이크로킥보드_맥시T 디럭스 LED (색상선택),226980,226980,3
스포츠/자동차,ALL,21,[배럴]키즈 쿨 섬머 세트 민트 (BWIKRGA002MT),63700,63700,2
컴퓨터/전자,ALL,81,[신일전자]신일 스탠드형 리모컨 써큘레이터 선풍기 SIF-P14PDB,64900,64900,0
컴퓨터/전자,ALL,82,[블린즈]최신상 휴대용 넥밴드 B8 아이스밴드 목걸이 선풍기,37000,37000,0
컴퓨터/전자,ALL,83,AMD 라이젠5-3세대 3600 (마티스) (멀티팩),215610,215610,0
컴퓨터/전자,ALL,84,[파빌리온]파빌리온 게이밍 15-dk1077TX 특가92만 i7/GTX1660Ti,1160480,1160480,4
컴퓨터/전자,ALL,85,[샤오미]1+1 소베sobe 미니 무선 선풍기 자동회전 핑크+화이트,26700,26700,0
컴퓨터/전자,ALL,86,[샤오미]MI 스마트 무선 선풍기 4세대 프로 PRO 유럽버전,107900,107900,0
컴퓨터/전자,ALL,87,[유닉스]메탈릭 레트로 파워맥스 2000W 헤어드라이기 UN-B1643,37900,37900,5
컴퓨터/전자,ALL,88,[애플]아이패드 에어4세대 WiFi 64GB SpaceGray - MYFM2KH/A,757020,757020,7
컴퓨터/전자,ALL,89,[신일전자]신일 리모컨 벽걸이 써큘레이터 선풍기 SIF-P14PJB,64900,64900,0
컴퓨터/전자,ALL,90,[TUF]FX516PM-AZ077 최종135만|i7|16G|RTX3060|240Hz+300nit,1545760,1545760,6
컴퓨터/전자,ALL,91,[제이닉스]제이닉스 14인치 스탠드 선풍기 가정용 JYF-KN4523,24800,24800,0
컴퓨터/전자,ALL,92,[윈드피아]가정용 업소용 14인치 블랙스톤 선풍기 WF-1419S,27120,27120,14
컴퓨터/전자,ALL,93,[비달사순]비달사순 에어 봉고데기/매직기/아이롱 VSAS80PIK,32800,32800,0
컴퓨터/전자,ALL,94,[애플]아이패드프로11 3세대 M1 셀룰러 128GB MHW53KH/A,1157450,1157450,7
컴퓨터/전자,ALL,95,[샤오미](최대 15%쿠폰) 미밴드5 공식수입 한글판 여우미,41900,41900,0
컴퓨터/전자,ALL,96,[씽크북]ThinkBook 15 G3 ACL 21A4000BKR 특가56만 R5/8G/256G,650470,650470,6
컴퓨터/전자,ALL,97,[필립스]PHILIPS 전기면도기 SkinIQ 5000 S5582/36 오션블루,139000,139000,30
컴퓨터/전자,ALL,98,[윈드피아]가정용선풍기 업소용선풍기 스탠드 선풍기 WA-370블랙,22410,22410,10
컴퓨터/전자,ALL,99,[한일전기]가정용 스탠드형 리모컨 선풍기 한일전기 EFe-510R,63500,63500,0
컴퓨터/전자,ALL,100,[신일전자]신일 무소음 BLDC 리모컨 스탠드 선풍기 SIF-12ONX,89000,89000,0
스포츠/자동차,ALL,22,[타미힐피거]타미힐피거 여성 카라 민소매 원피스 7종,19900,19900,69
스포츠/자동차,ALL,23,[아디다스]아디다스/나이키 外 팬츠 쇼트 반바지 모음,19900,19900,69
스포츠/자동차,ALL,24,[휠라]온라인 단독  Cloud 반팔티셔츠 FE2RSD5122XOWH,32000,32000,0
스포츠/자동차,ALL,25,[휠라]온라인 단독  슈즈그래픽 반팔티셔츠 FE2RSD5121XBLK,35000,35000,0
스포츠/자동차,ALL,26,[휠라]온라인 단독  Sun 반팔티셔츠 FE2RSD5124XBLK,32000,32000,0
스포츠/자동차,ALL,27,[배럴]우먼 베니스 워터 레깅스 블랙 (BG2WWLG01BLKFR),28450,28450,1
스포츠/자동차,ALL,28,[휠라]온라인 단독  Lightning 반팔티셔츠 FE2RSD5123XNAY,32000,32000,0
스포츠/자동차,ALL,29,[뮬라웨어]17%+10% 뮬라웨어 브랜드세일 올데이웨어 특가 Vol.2,18000,18000,66
스포츠/자동차,ALL,30,[디스커버리]남여 소매배색 로고형 래쉬가드 DMSW53031DWSW54031,40580,40580,1
스포츠/자동차,ALL,31,한솔 1분 자동충전매트 에어매트 자충 캠핑 매트 더블,79800,79800,0
스포츠/자동차,ALL,32,[배럴]메쉬 샤워 토트백 9L 블랙 (BF9USBG01BKON),24500,24500,2
스포츠/자동차,ALL,33,[미즈노]푸마/미즈노 트레이닝 티셔츠 45종 택1,5900,5900,69
스포츠/자동차,ALL,34,[휠라]스키퍼 1RM01154940,49000,49000,0
스포츠/자동차,ALL,35,[프로월드컵]17% 100매 초소형/소형/중형/대형/특대형 마스크,12900,12900,50
스포츠/자동차,ALL,36,(1+1) 얼음주머니 다용도 찜질팩 냉온 핫팩 아이스팩,5900,5900,39
스포츠/자동차,ALL,37,[배럴]키즈 칼리 래쉬가드 화이트/블랙 (BG1KWRG83WBK),34300,34300,2
스포츠/자동차,ALL,38,[네파][대구백화점 II관] [네파]공용 로노베 아쿠아삭스(7FD7954),6840,6840,30
스포츠/자동차,ALL,39,장마 태풍도 버티는 24개살 우산 1+1 최고급 우산 1+1,17400,17400,12
스포츠/자동차,ALL,40,[휠라]클래식 킥스 B FS1SIB1122XWWT,23000,23000,0
스포츠/자동차,ALL,41,(1 + 1) 릴렉시즘 항균 쿨마스크,11900,11900,0
스포츠/자동차,ALL,42,[콜핑]콜핑 여름 신상 특가 할인전 반팔티/바지/조끼,24000,24000,70
스포츠/자동차,ALL,43,[웨스트우드]웨스트우드 SS여름조끼/냉감/반팔/팬츠 세일전,29000,29000,69
스포츠/자동차,ALL,44,[휠라]온라인 단독  슈즈그래픽 반팔티셔츠 FE2RSD5121XOWH,35000,35000,0
스포츠/자동차,ALL,45,[노스페이스화이트라벨]여름준비 데일리 반팔티/폴로티/티셔츠/반바지/슬리퍼,35000,35000,69
스포츠/자동차,ALL,46,[네파]역시즌 듀오 리버시블 남여 다운자켓 7G72026 7G82026 7F82029,83240,83240,27
스포츠/자동차,ALL,47,[배럴]메쉬 샤워 토트백 9L 네온 옐로우 (BF9USBG01NYON),24530,24530,1
스포츠/자동차,ALL,48,[카렉스]레인블레이드 듀오 하이브리드 와이퍼,9900,9900,10
스포츠/자동차,ALL,49,[아디다스오리지널](신세계마산점)[UNISEX ORIGINALS] 트레포일 반팔티 (GN2913 GN3501 GN3494 GN3414 GN3462 GN3483 GN346...,21770,21770,27
스포츠/자동차,ALL,50,[휠라]휠라 서피 쏭 1SM01582D001,29000,29000,0
스포츠/자동차,ALL,51,[휠라]휠라 서피 샌들 1SM01583D001,49000,49000,0
스포츠/자동차,ALL,52,[휠라]휠라 레이 FS1RIB3252XWRG,33000,33000,0
스포츠/자동차,ALL,53,[르까프]르까프 썸머 아이템 추가 78종 모음,14900,14900,61
스포츠/자동차,ALL,54,[아디다스](신세계의정부점)[New Performance] 듀라모 SL 슬라이드_[FY6034 FY8786],24890,24890,27
스포츠/자동차,ALL,55,[배럴]맨 말리부 워터 레깅스 블랙 (BG2MWLG01BLK),34440,34440,1
스포츠/자동차,ALL,56,[리바디]리바디 데일리요가복/레깅스/ 베스트 아이템 모음전,9900,9900,70
스포츠/자동차,ALL,57,[크록스][크록스] 2021 성인 크록밴드/바야밴드 클로그  화이트네이비외 17종(11016/205089),26980,26980,9
스포츠/자동차,ALL,58,[네파]네파 SUMMER 반팔/팬츠/슬리퍼 50종,19000,19000,69
스포츠/자동차,ALL,59,[마운티아]마운티아/마모트 여름등산 의류 및 잡화 BEST 할인,13500,13500,70
스포츠/자동차,ALL,60,[배럴]맨 바시코 보드숏 블랙 (BG2MWBS01BLK),53900,53900,2
스포츠/자동차,ALL,61,[아디다스](광주신세계)[UNISEX SWIM]아딜렛 크록 듀라모슬라이드  반바지 택1[FY8969][FY8970][FY6045][FY8786][F...,21590,21590,20
스포츠/자동차,ALL,62,[카르닉]캠핑체어 낚시 간이 야외 캠핑용품 1+1폴딩의자(1인용),35910,35910,10
스포츠/자동차,ALL,63,[아디다스](신세계경기점)[ATHLETICS] 반팔/반바지 택1 (FM5369 FM5370 GU2771 GM2134 GM2154 GK9602 GK9603 GK960...,19590,19590,21
스포츠/자동차,ALL,64,[배럴]키즈 스트링 워터 레깅스 블랙 (BG1KWLG81BLK),29000,29000,0
스포츠/자동차,ALL,65,남녀 3포인트 스니커즈 양말 20켤레,12250,12250,2
스포츠/자동차,ALL,66,[크록스]A/S가능한 공식 크록스 SALE 20종 (G060221),23700,23700,50
스포츠/자동차,ALL,67,[아디다스오리지널](신세계강남점)[남여공용] 오즈위고 EE6999 아디다스 오리지날 재입고 운동화 런닝화 캐주얼화 트레이닝...,100030,100030,22
스포츠/자동차,ALL,68,[크록스](신세계강남점)[크록스코리아] 뱌야 클로그  파트리시아 8종 모음전,15450,15450,22
스포츠/자동차,ALL,69,마추픽추 롱 릴렉스 체어 특대 2개 세트 캠핑의자 1+1,59490,59490,0
스포츠/자동차,ALL,70,[휠라]레이 트레이서 TR 1RM01279147,49000,49000,0
스포츠/자동차,ALL,71,[배럴]우먼 베이직 어반 워터 레깅스 블랙 (BG2WWLG03BLK),62000,62000,0
스포츠/자동차,ALL,72,나이키프로쿨컴프레션남자레깅스타이즈 703098-010,29900,29900,0
스포츠/자동차,ALL,73,[아디다스]아디다스/나이키 외 인기 트레이닝복 상하세트 모음전,19900,19900,69
스포츠/자동차,ALL,74,[에버라스트]17%쿠폰/반바지/반팔티/7부바지/빅사이즈/세트/레깅스,19900,19900,69
스포츠/자동차,ALL,75,[머렐]머렐냉감 경량 자켓 / 이월 신상 티셔츠 17%쿠폰,17900,17900,61
스포츠/자동차,ALL,76,[휠라언더웨어]여성속옷 브라/팬티/브래지어/드로즈/브리프 세트특가,14900,14900,0
스포츠/자동차,ALL,77,[아이더](신세계마산점)(역시즌 추가할인)아이더 컬트 아동 롱다운 자켓 / 키즈 롱다운 / JMF19509(최초가:285 0...,244020,244020,2
스포츠/자동차,ALL,78,[에버라스트]17%쿠폰/트레이닝복세트/반팔티/반바지/빅사이즈/땀복,39900,39900,69
스포츠/자동차,ALL,79,[밸롭]티바트/지압슬리퍼/남성/여성 런닝화/스니커즈,39000,39000,51
스포츠/자동차,ALL,80,마이크로킥보드_스쿠터 스피드,202730,202730,3
스포츠/자동차,ALL,81,최대17%쿠폰 망고스틴 SS 혜택가 데일리 레깅스 외,6900,6900,70
스포츠/자동차,ALL,82,[배럴]우먼 빅 로고 브라탑 래쉬가드 블랙 (BW5WBRT002BKSM),38220,38220,2
스포츠/자동차,ALL,83,2+1 자외선차단 패치 햇빛차단테이프 골프패치,50000,50000,0
스포츠/자동차,ALL,84,[아디다스](광주신세계)WOMENS ATHLETICS 머스트해브 1/4 쇼트 2종 [FT2878][FT2879],24560,24560,22
스포츠/자동차,ALL,85,로티캠프 원터치텐트+탈착식 헥사타프,104000,104000,0
스포츠/자동차,ALL,86,[휠라]코트디럭스 프리즘 FS1SIB1153XWWT,33000,33000,0
스포츠/자동차,ALL,87,[밀레]아나이스 콜드엣지 남성 등산 아웃도어 올버스 팬츠_MXOUP108 MUPUP471,21420,21420,28
스포츠/자동차,ALL,88,[내셔널지오그래픽(레저)] 네오디 BIG LOGO H/TEE 반팔티 N205UTS020,35100,35100,10
스포츠/자동차,ALL,89,5매 쿨 구리 숨쉬기 편한 패션 스포츠 항균 마스크,13900,13900,0
스포츠/자동차,ALL,90,카멜레온360 송풍구형 블랙 차량용 핸드폰 거치대,15820,15820,2
스포츠/자동차,ALL,91,[스케쳐스]스케쳐스 S/S 시즌베스트 총정리 특가 1만원대부터~,32900,32900,69
스포츠/자동차,ALL,92,[휠라]온라인 단독  스몰로고 반팔티 FE2RSD5102XBLK,24900,24900,0
스포츠/자동차,ALL,93,[뮬라웨어]17% 뮬라웨어 상반기 BEST Vol.1,24000,24000,0
스포츠/자동차,ALL,94,[배럴]키즈 칼리 래쉬가드 네온핑크 (BG1KWRG83NPK),34300,34300,2
스포츠/자동차,ALL,95,[배럴]키즈 칼리 어반 워터 레깅스 블랙 (BG1KWLG83BLK),44100,44100,2
스포츠/자동차,ALL,96,[아디다스]나이키/아디다스 인기 신상 반바지/쇼트/운동복 모음,24900,24900,60
스포츠/자동차,ALL,97,[휠라]휠라 서피 샌들 1SM01583D920,49000,49000,0
스포츠/자동차,ALL,98,(1 + 1) 로드몬스터 퍼스트 퀵디테일러,31650,31650,0
스포츠/자동차,ALL,99,소소일상 접이식 캠핑 폴딩 박스 우드 테이블,15800,15800,0
스포츠/자동차,ALL,100,[프로스펙스](신세계본점)[프로스펙스]2021년 신상품 쿠셔닝이 우수하고 발 볼이 편한 초경량 남녀공용 워킹화 5종(...,35530,35530,21
가구/침구,ALL,1,[아이르]국내산 시원한 시어서커 봄 여름 차렵이불 인견 침구,23900,23900,69
가구/침구,ALL,2,[이블랑]시어서커/인견/60수아사/모달와플/피그먼트 여름침구,25500,25500,65
가구/침구,ALL,3,[르헤브]2021년 신형 피톤치드 항균 경추 베개솜 1+1/베개,8900,8900,69
가구/침구,ALL,4,[한샘]샘키즈 수납장 1305 특가 모음 (20%+5%쿠폰),136800,136800,30
가구/침구,ALL,5,[아이르]국내산 시원한 시어서커 봄 여름 홑겹이불 인견 침구,15900,15900,69
가구/침구,ALL,6,[이모레돌런트]이모레돌런트 디퓨저리필 500ml 1+1+1+1,17900,17900,61
가구/침구,ALL,7,[르헤브]여름 쇼파패드/사계절 쇼파패드/소파패드/커버/방석,12900,12900,70
가구/침구,ALL,8,[한샘]샘 책장 5단 120cm 시공 (20%할인쿠폰),87300,87300,26
가구/침구,ALL,9,시원하고 쾌적한 여름 시어서커 침대패드/카페트 패드,15900,15900,58
가구/침구,ALL,10,[리브맘]2021년 시원한 여름 침대 쿨매트 특대형/중형 쿨방석,17900,17900,69
가구/침구,ALL,11,[올리비아데코]시원한 여름침구 모음전/인견/시어서커/뱀부/냉감,23900,23900,69
가구/침구,ALL,12,국산 쾌적한 시어서커 여름 매트리스 커버/침대 매트,14900,14900,58
가구/침구,ALL,13,[굿몽]국산 쿨~시원한 여름 고정밴드 침대패드 카페트,15520,15520,59
가구/침구,ALL,14,[쁘리엘르]시원한 여름이불/냉감이불/홑이불/홑겹이불,9900,9900,70
가구/침구,ALL,15,(가격호러쇼특가) 8900원 침대커버 매트커버 침대패드,8900,8900,69
가구/침구,ALL,16,시원한 시어서커 이불 3장세트,49900,49900,66
가구/침구,ALL,17,[쁘리엘르]1+1 피치스킨 베개커버/베개커버/베게커버,6900,6900,70
가구/침구,ALL,18,[쁘리엘르]레이스 슬라브 쉬폰 커튼 커텐 나비주름 거실커튼,16900,16900,69
가구/침구,ALL,19,[무아스]퓨어 미니 LED 탁상시계 벽시계,14900,14900,39
가구/침구,ALL,20,(1+1커튼끈증정) 항균 3중직 암막커튼 핀형 긴창커튼,24900,24900,53
가구/침구,ALL,21,[이블랑]고밀도 고탄력 방수 소파커버 1인용~4인용 28컬러,15900,15900,70
가구/침구,ALL,22,[르헤브]시원한 메밀베개/편백베개/목베개/아동베개/여름베개,7900,7900,69
가구/침구,ALL,23,[리브맘]7존 기절 매트리스 침대 접이식 바닥 토퍼 수면매트,34900,34900,69
가구/침구,ALL,24,나크제이 대용량 리필디퓨저 500ml 1+1/1000ml 방향제,13900,13900,57
가구/침구,ALL,25,[한샘]샘 책장 5단 120cm DIY (20%할인쿠폰),72000,72000,27
가구/침구,ALL,26,[코코도르]라벤더디퓨저/여름디퓨저/선물추천/카드형디퓨저,10000,10000,59
가구/침구,ALL,27,일루션 암막커튼 베스트셀러전,16900,16900,29
가구/침구,ALL,28,[쉬즈홈]블루밍 시어서커 삼각등쿠션 (솜포함),29610,29610,0
가구/침구,ALL,29,[로이첸]베이직 체어 (남성용/여성용) / 교정의자 좌식의자,34900,34900,0
가구/침구,ALL,30,[아이르]매트리스커버/침대커버/누빔패드/순면/프리즈/보이드,16900,16900,69
가구/침구,ALL,31,1+1 시원한 시어서커 홑이불 100X150 여름이불,11900,11900,58
가구/침구,ALL,32,99% 항균 만능 깔고 덮고 여름이불 세트,34900,34900,68
가구/침구,ALL,33,[밀로앤개비](신세계강남점)[쁘띠엘린] 밀로앤개비 미니베개(솜포함) (MMP),28080,28080,14
가구/침구,ALL,34,1+1 메르시앤코 BEST 디퓨저 모음전,19900,19900,50
가구/침구,ALL,35,[리앤데코]열대야날릴 시원한 대형 대나무돗자리 모음 파워세일,28900,28900,69
가구/침구,ALL,36,[아르페지오]여름 차렵이불세트 시어서커/리플/뱀부,27900,27900,67
가구/침구,ALL,37,쫀쫀한 밴딩 가성비 좋은 누빔 침대매트리스커버 모음,9900,9900,69
가구/침구,ALL,38,(특가)국산튼튼한 조립식 렌지대 다이 전자렌지수납장,25900,25900,41
가구/침구,ALL,39,시원한 시어서커 여름 고정밴딩 침대패드 여름이불 Q,22450,22450,1
가구/침구,ALL,40,[아망떼]시원한 고정밴딩 여름 침대패드,19900,19900,64
가구/침구,ALL,41,[아망떼]호텔식 매트리스커버/매트커버/침대커버,13900,13900,69
가구/침구,ALL,42,항균 먼지없는 방수 매트리스커버(SS)  침대패드,14900,14900,69
가구/침구,ALL,43,[쁘리엘르]3중직 암막커튼 속커튼 커텐 방한 창형 중형,14900,14900,69
가구/침구,ALL,44,[아이닉스]순면 누빔 침대매트리스커버 침대커버 방수커버 패드,24900,24900,3
가구/침구,ALL,45,[아라크네]콤비블라인드 롤스크린/브라인드/암막/커튼/커텐/거실,10,10,66
가구/침구,ALL,46,(가격호러쇼특가) 8900원 시원한 여름이불 / 세트,8900,8900,69
가구/침구,ALL,47,[아라홈]코잠배개 경추 메모리폼 낮은 숙면 기능성 목이편한,33000,33000,0
가구/침구,ALL,48,[르헤브]여름이불 / 이불베개세트 / 침대 패드 /시어서커/리플,29900,29900,69
가구/침구,ALL,49,[이블랑]시어서커 인견 피그먼트 침대고정패드 SS/Q/K/패밀리,19900,19900,67
가구/침구,ALL,50,무더운 여름엔 시어서커 여름이불 패드 베개 이불세트,29900,29900,12
가구/침구,ALL,51,[아이르]아이르 무봉제 고주파 SSQ균일가 스프레드 패드겸이불,19900,19900,66
가구/침구,ALL,52,[르헤브]1+1시원한 여름베개커버/사계절 베개커버/50x70/40x60,6900,6900,70
가구/침구,ALL,53,[비트백]액자형 DIY 보석십자수 명화그리기 비즈 그림 큐빅,21700,21700,0
가구/침구,ALL,54,아이스 시어서커 프릴 차렵이불 패드 침구 풀세트(퀸),44900,44900,0
가구/침구,ALL,55,[아망떼]호텔식 베개커버 1+1 2장,9900,9900,69
가구/침구,ALL,56,뷰하우스 4계절 암막커튼1+1(2장),14670,14670,68
가구/침구,ALL,57,1+1 에코 항균 프링글 베개커버 40x60,6900,6900,70
가구/침구,ALL,58,메르시앤코 데일리 캔들워머 램프 무드등 조명,29900,29900,50
가구/침구,ALL,59,{클릭} 여름이불세트 이불+패드+베개커버 풀세트,44370,44370,1
가구/침구,ALL,60,[까르데코]2장세트 솔리드/패턴 암막커튼 창문 거실 여름 커텐,17900,17900,59
가구/침구,ALL,61,풍기인견 시어서커 뱀부 여름이불 이불세트/침구세트,34900,34900,30
가구/침구,ALL,62,부드럽고 포근한 밀림방지 누빔 침대패드 토퍼 요매트,13900,13900,69
가구/침구,ALL,63,로얄침대자리/ 마작자리 대자리 대나무자리 돗자리,22040,22040,51
가구/침구,ALL,64,led 방등 거실등 등 기구 리모컨 LT 스마트 50W_삼성칩,24900,24900,44
가구/침구,ALL,65,[아망떼]부드러운 60수 순면 아사 피그먼트 이불겸패드,21900,21900,66
가구/침구,ALL,66,아원 국산 LG 쿨젤 프리미엄 여름 냉 쿨매트,29600,29600,0
가구/침구,ALL,67,[에이블루]NEW 커블체어 와이더 바른자세 허리 교정의자 JJ,35920,35920,1
가구/침구,ALL,68,[한샘]디퍼 메모리폼 접이식 토퍼 매트리스 SS 슈퍼싱글,100900,100900,0
가구/침구,ALL,69,[코쉬]시어서커 여름이불+패드+베개커버 세트,14900,14900,69
가구/침구,ALL,70,(리뷰이벤트)코지센스 밴드형 침대 방수커버,17550,17550,41
가구/침구,ALL,71,(현대백화점)[현대백화점][[쁘띠엘린] 밀로앤개비 아기 쿨 인견 여름이불 M/ 블랭킷- 디자인선택,26530,26530,14
가구/침구,ALL,72,[한샘]노뜨컴포트 포켓스프링 매트리스 SS 슈퍼싱글,153900,153900,17
가구/침구,ALL,73,순면 모달 먼지없는 차렵이불세트 침구세트,33900,33900,65
가구/침구,ALL,74,[르헤브]먼지없는 사계절이불/차렵이불/이불세트/이불 패드,36900,36900,70
가구/침구,ALL,75,[삼성전자]LED스탠드 공부스탠드 독서등 조명 SI-GM9C10A2A2D/OD,68140,68140,13
가구/침구,ALL,76,[포근포그미]수퍼싱글_이불겸패드_구름(115x200cm) (1번~15번)칼라,20610,20610,10
가구/침구,ALL,77,[아라크네]암막방염 롤스크린 블라인드/브라인드/커튼커텐/거실,9270,9270,15
가구/침구,ALL,78,기능성 통풍방석 로얄퍼플 방석 꼬리뼈 허니콤 쿨방석,13720,13720,23
가구/침구,ALL,79,리빙숲 각도조절 브리즈 사무실 발받침대/다리받침대,21410,21410,14
가구/침구,ALL,80,[양키캔들]양키캔들 라지자 623g(정품)/베스트향,21460,21460,1
가구/침구,ALL,81,효재 자수 광목 워싱스프레드세트 Q,119000,119000,0
가구/침구,ALL,82,[쉬즈홈]시원한 순면 여름이불/베개세트/패드세트/이불/베개,36900,36900,19
가구/침구,ALL,83,[쁘리엘르]발매트 주방매트 욕실 현관 거실 순면 자카드,8900,8900,69
가구/침구,ALL,84,[꼼띠아]LG 정품 쿨젤 아이스 냉 쿨매트 특대형매트+베개 2p,38810,38810,1
가구/침구,ALL,85,[카이르]LG 정품 쿨젤 아이스 여름 쿨매트 특대형매트+베개 2p,39010,39010,1
가구/침구,ALL,86,[쁘리엘르]홑겹 매트리스커버/인견 패드/엠보 패드,12900,12900,70
가구/침구,ALL,87,국산 르미에 630g 라지자캔들 42종 6+1 행사 캔들워머,12900,12900,0
가구/침구,ALL,88,시원한 시어서커 패드 여름패드 미끄럼방지패드,18530,18530,1
가구/침구,ALL,89,1+1사계절 여름 시어서커 베개커버/베게 커버 배게 솜,6900,6900,30
가구/침구,ALL,90,[아이르]아이르 봄 여름 시어서커 패드 카페트 거실매트 러그,24900,24900,66
가구/침구,ALL,91,베네베딩 진드기차단 방수 매트리스커버 패드,11900,11900,69
가구/침구,ALL,92,[르헤브]먼지없는 토퍼형 매트리스 커버/매트커버/침대커버,39900,39900,59
가구/침구,ALL,93,[아르페지오]여름 홑이불 침구 시어서커/리플/인견,14900,14900,68
가구/침구,ALL,94,[러그마켓]리플 지지미 시어서커 여름러그 물세탁 거실카페트,21130,21130,69
가구/침구,ALL,95,시그니처 브라운 위드모먼트 500ml 대용량 디퓨저 1+1,13150,13150,1
가구/침구,ALL,96,리앤룸 2장/4장세트/린넨룩암막거튼/아일렛형,49900,49900,0
가구/침구,ALL,97,{여름이불세트}여름이불+패드+베게커버,44320,44320,1
가구/침구,ALL,98,2021년 신상 시원한 지펠 여름 쿨매트 중형 특대형,17900,17900,44
가구/침구,ALL,99,[아망떼]시원하고 폭신한 시어서커 리플 토퍼,28900,28900,63
가구/침구,ALL,100,[이블랑]I자. U자형. 원형 바디필로우/삼각쿠션,17000,17000,69
생활/주방/건강,ALL,1,[좋은느낌]매직쿠션 슬림 날개 수퍼롱 10매x2팩/생리대 /증정,10900,10900,0
생활/주방/건강,ALL,2,[센스(물티슈)]센스물티슈 악어 캡형 100매 10팩+10팩,13500,13500,66
생활/주방/건강,ALL,3,[애경트리오]주방세제 트리오 베이킹소다 담은 1.2Lx5개+수세미)),10000,10000,50
생활/주방/건강,ALL,4,[라네이처]시그니처 울트라 날개 중형 12매X3개/생리대 /증정,15190,15190,2
생활/주방/건강,ALL,5,[Aura]아우라 건조기용 드라이시트 만다린 120매,15900,15900,23
생활/주방/건강,ALL,6,42cm 대형 나비 30cm 초대형 푸시팝 팝잇 말랑이 세트,17630,17630,0
생활/주방/건강,ALL,7,[블랑슈]블랑슈 저자극 시그니처 아기물티슈 캡형 100매 10팩,10900,10900,66
생활/주방/건강,ALL,8,[크리넥스]크리넥스 실크소프트 180매X6입 X 2팩/곽티슈,15900,15900,41
생활/주방/건강,ALL,9,[좋은느낌]유기농 린넨블렌딩 맥시 날개 중형 14X3/생리대 /증정,15000,15000,59
생활/주방/건강,ALL,10,[디얼리빙]304스테인리스 후추 소금 깨 그라인더 2P,13710,13710,1
생활/주방/건강,ALL,11,[홈스타]홈스타 뿌리는 곰팡이싹 500mlX4 +1L증정,10900,10900,39
생활/주방/건강,ALL,12,[유한락스]유한락스 new 욕실청소 500mlx4개 +락스 500ml 증정,11900,11900,29
생활/주방/건강,ALL,13,[스카트]스카트 THE 버블 수세미 브라운 50매X3롤,11900,11900,55
생활/주방/건강,ALL,14,[모나리자]천연펄프 소프트리 퓨어 25m 30롤 3개 (총90롤),23900,23900,25
생활/주방/건강,ALL,15,[아토세이프]15% 할인 습기제거제 520ml 24개입 옷장 선반 제습제,15900,15900,27
생활/주방/건강,ALL,16,[헬로]헬로 순수 3겹 천연펄프 화장지 30m 30롤 3팩 특가행사,24500,24500,66
생활/주방/건강,ALL,17,[스카트]THE보송올인원 습기제거제 1Px30개(한박스)/ 제습제,22100,22100,58
생활/주방/건강,ALL,18,[에프킬라]에프킬라 무향 500mlx3개 모기약,9900,9900,45
생활/주방/건강,ALL,19,[휴비딕]HET-1000 귀체온계  체온측정 체온계g,29260,29260,20
생활/주방/건강,ALL,20,[베베숲]시그니처 그린 70매 캡 20팩,31000,31000,27
생활/주방/건강,ALL,21,[키즈마루]국산 3중 비말차단 마스크  300매 KF-AD MB필터 마스크,18270,18270,0
생활/주방/건강,ALL,22,[릴리유]릴리유 퓨어퍼플 물티슈 캡72매X10팩(1BOX),16900,16900,37
생활/주방/건강,ALL,23,[애경트리오]주방세제 트리오 홍초/베이킹 1.2Lx5 (홍2베3))+수세미,10000,10000,50
생활/주방/건강,ALL,24,[에코후레쉬]세탁조클리너 100g x 9개 + 에어컨탈취제 100ml 1개,10000,10000,66
생활/주방/건강,ALL,25,강력 접착 다용도 양면 테이프 2m 1+1+1,6900,6900,54
생활/주방/건강,ALL,26,올청 변기세정제 변기클리너 45g 60개입,10000,10000,66
생활/주방/건강,ALL,27,[덴티스테][덴티스테] 플러스화이트 튜브형 치약 200g 4개 브리즈민트 20gx5개,33690,33690,15
생활/주방/건강,ALL,28,[베이비베이비]베이비베이비 아기물티슈 트윙클120매 20팩 캡형,14900,14900,66
생활/주방/건강,ALL,29,[다우니]다우니 엑스퍼트 실내 건조 1L 6개 +사은품,31840,31840,20
생활/주방/건강,ALL,30,[베베앙]베베앙 아기물티슈  시그니처 대용량 100매 캡형 10팩,12700,12700,56
생활/주방/건강,ALL,31,[키친아트]키친아트외 창고대개방 5900/7900/9900/12900균일가전,5900,5900,40
생활/주방/건강,ALL,32,[그리니]그리니 프리미엄 아기물티슈 블루 100매 X 20팩 캡형,14500,14500,50
생활/주방/건강,ALL,33,일월 KF94 황사 방역 미세먼지 마스크 100매 블랙,37900,37900,0
생활/주방/건강,ALL,34,[아로퓸]아로퓸 캡슐세제 Limited Edition 패키지구성,17400,17400,7
생활/주방/건강,ALL,35,[스카트]스카트 THE 버블 수세미 베이지 50매X3롤,11900,11900,55
생활/주방/건강,ALL,36,[유한양행]해피홈 에어로솔  수성 무향 500ml 3개입 2팩,14900,14900,28
생활/주방/건강,ALL,37,[아이러브베베]아이러브베베물티슈핑크100매캡형X20팩,13900,13900,50
생활/주방/건강,ALL,38,[크리넥스]크리넥스 3겹 울트라클린 27MX30롤 X2팩화장지/휴지,32900,32900,0
생활/주방/건강,ALL,39,[살림백서]살림백서 뽑아쓰는 키친타올 키친타월 100매 9개입,12900,12900,66
생활/주방/건강,ALL,40,[아르떼(Arte)]아르떼 새부리형 마스크 KF94 100매 화이트 개별포장,28900,28900,0
생활/주방/건강,ALL,41,[페리오]펌핑치약 46cm 치약 285g X3개(스피아+허브+시트러스),10000,10000,50
생활/주방/건강,ALL,42,[유한킴벌리]크리넥스3겹 데코소프트33MX24롤X2팩,33900,33900,0
생활/주방/건강,ALL,43,케릭터 원목 대나무 냄비받침대/1P/냄비받침 받침대,680,680,0
생활/주방/건강,ALL,44,[오랄비]오랄비 스테이지스 유아칫솔 3단계 안나/엘사 12입,18680,18680,24
생활/주방/건강,ALL,45,왕타칫솔 SK단독 한정구성 칫솔 총 32개 (바스켓 1통,35470,35470,10
생활/주방/건강,ALL,46,[리큐]액체세탁세제 리큐 일반 2.1Lx6개/쿠폰가16900원,19900,19900,50
생활/주방/건강,ALL,47,[피죤]액체세탁세제  액츠 2Lx4개 일반+파워젤1L증정/9900원,14900,14900,60
생활/주방/건강,ALL,48,데이데이 생리대 롱팬티라이너 16p x5팩,2900,2900,66
생활/주방/건강,ALL,49,[페브리즈]페브리즈 화장실용 비치형 은은한 라벤더향 6mlX4개,16030,16030,30
생활/주방/건강,ALL,50,[브라운물티슈]브라운 프리미엄 물티슈 캡형 72매 8팩 + 20매 6팩,15900,15900,69
생활/주방/건강,ALL,51,[밧드야](현대백화점)[VATYA] 밧드야 풀스텐 키친랙 (물받이 포함),24120,24120,10
생활/주방/건강,ALL,52,[유한킴벌리]크리넥스 비말차단 라이트핏 쿨마스크 대형 50p(1BOX),26900,26900,32
생활/주방/건강,ALL,53,[좋은느낌]입는 오버나이트 L 8매X4팩/생리대/팬티형 /사은품증정,26500,26500,0
생활/주방/건강,ALL,54,[테리파머]호텔수건 무형광 180g 다이아보더 수건 10장 타올 할인,22900,22900,55
생활/주방/건강,ALL,55,[모나리자]보타닉 블라썸 (27m30롤)X3개 화장지 휴지,27900,27900,12
생활/주방/건강,ALL,56,1+1 K2 Safety X밴더 쿨토시 손등형 팔토시 NEW 2021,11670,11670,1
생활/주방/건강,ALL,57,스테펠른 테이블웨어 14P 2인 도자기 홈세트 그릇세트,15750,15750,0
생활/주방/건강,ALL,58,[한예지]한예지 볼륨앤소프트 천연펄프 3겹  화장지 30롤 3팩,24300,24300,66
생활/주방/건강,ALL,59,[리스테린]리스테린 쿨민트750ml4개 +100ml(그린티),21900,21900,17
생활/주방/건강,ALL,60,[테크액체세제]테크 파워 액체세제(겸용) 대용량 8L,10900,10900,31
생활/주방/건강,ALL,61,[깨끗한나라]순수브라운 3겹 화장지 27m 30롤  x 2팩(특가),22900,22900,66
생활/주방/건강,ALL,62,괴물용량 10M 가스렌지 후드필터 외 주방용품 70종,5900,5900,50
생활/주방/건강,ALL,63,[나무야나무야]나무야 도톰한 3겹데코 30m 30롤 3팩/화장지/휴지,29800,29800,16
생활/주방/건강,ALL,64,매직캔 히포 쓰레기통 27L + 21L + 매직롤 10롤,78730,78730,12
생활/주방/건강,ALL,65,마스크 꼼짝마스크 50매 KF94 황사 미세먼지 필터 대 a,69800,69800,0
생활/주방/건강,ALL,66,[송월타월]애니멀즈 고리수건 5장 +사은품/동물자수/어린이집,8900,8900,53
생활/주방/건강,ALL,67,[드릴펑]배수구 세정제 드릴펑 1L 3개+2L 증정/최종8150원,10900,10900,60
생활/주방/건강,ALL,68,[박스포유]100%직접생산/ 박스포유 택배박스,29840,29840,7
생활/주방/건강,ALL,69,바른세탁소 액체세제 라임향 2.5L x 4개 세탁세제,9900,9900,0
생활/주방/건강,ALL,70,[아토세이프]배수구뻥 배수구세정제 2L 6개/클리너/배수구청소,11900,11900,40
생활/주방/건강,ALL,71,3SK BOX 택배박스 업계를 리드하는 기업,32600,32600,7
생활/주방/건강,ALL,72,[크리넥스]3겹 순수소프트 화장지 27M 30롤X2팩/휴지 /new,31500,31500,25
생활/주방/건강,ALL,73,[크린웰]아르떼 새부리형 마스크 KF94 100매 블랙 개별포장,28900,28900,0
생활/주방/건강,ALL,74,[HP]HP A4 복사용지(A4용지) 80g 2500매 2BOX (5000매),32900,32900,13
생활/주방/건강,ALL,75,국내산 톡톡버디KF94 황사방역마스크 FDA등록 200매,25900,25900,56
생활/주방/건강,ALL,76,[잘풀리는집]잘풀리는집 순수프리미엄 30M 30롤 2팩,26900,26900,15
생활/주방/건강,ALL,77,[크리넥스]크리넥스 실크소프트 250매X3입X3팩 /곽티슈,17900,17900,33
생활/주방/건강,ALL,78,플레이어바웃 명화그리기 DIY 세트 해바라기 풍경화,7820,7820,1
생활/주방/건강,ALL,79,[모나리자]미용티슈 (280매3입)X4개 화장지 휴지,18900,18900,29
생활/주방/건강,ALL,80,[좋은순면]유기농 울트라 날개 중형 18PX6팩/생리대 /증정,21900,21900,0
생활/주방/건강,ALL,81,[가쯔]멀티 회전고리 논슬립 옷걸이 40개 옷장정리 수납,9900,9900,54
생활/주방/건강,ALL,82,[미래생활]미래생활 순수PURE천연펄프 25m 30롤 x 3팩,26900,26900,15
생활/주방/건강,ALL,83,[아토세이프]15% 할인 고농축 라벤더 세제 2.5L X 4개 총 10000ml,7900,7900,27
생활/주방/건강,ALL,84,[정직한패드]20g X 400매 정직한 애견패드 강아지패드 배변패드,26370,26370,1
생활/주방/건강,ALL,85,[다우니]다우니 대용량 섬유유연제 아로마플로럴 8.5L 2개,35900,35900,63
생활/주방/건강,ALL,86,새부리형 KF94 대형 마스크 벌크 100매 미세먼지 여름,22140,22140,6
생활/주방/건강,ALL,87,[베베숲]버그프리 (50ml) 2+1,22630,22630,18
생활/주방/건강,ALL,88,[코디]허브가든 3겹 화장지 27m 30롤 3팩 휴지,27700,27700,69
생활/주방/건강,ALL,89,[샤프란]샤프란 섬유유연제 소프트코튼 용기 3.1Lx4개,10500,10500,50
생활/주방/건강,ALL,90,[베베숲]베베숲 프리미어 물티슈 엠보싱 캡 70매 20팩,29600,29600,1
생활/주방/건강,ALL,91,[강블리]블링 휴 3겹 무형광 롤화장지 30M 30롤 2팩,15900,15900,0
생활/주방/건강,ALL,92,[도루코]도루코 프로컷 S101 커터기 X 2개,3920,3920,2
생활/주방/건강,ALL,93,[2080]2080 히말라야 마운틴솔트 치약 핑크120gx16개+짜개,16500,16500,50
생활/주방/건강,ALL,94,[유한킴벌리]스카트 THE보송 올인원 습기제거제 20입(1BOX),17900,17900,33
생활/주방/건강,ALL,95,[베이비베이비]아기물티슈 트윙클 120매 캡형X20팩 대용량 쿠폰할인,16900,16900,66
생활/주방/건강,ALL,96,PINK_당근_빅데코스티커,990,990,0
생활/주방/건강,ALL,97,[겔업]겔업 고농축 액체세제 2.5L x 4개 세탁세제 총10000ml,7900,7900,66
생활/주방/건강,ALL,98,[베베숲]아기물티슈 프리미어 캡70매 20팩,32900,32900,19
생활/주방/건강,ALL,99,[스마트에코]아기물티슈 모데라토 캡형 80매X20팩 엠보물티슈,14900,14900,66
생활/주방/건강,ALL,100,[모나리자]미용티슈 (250매3입)X4개 화장지 휴지,17900,17900,28
식품,ALL,1,[바다원]건오징어 5미,13400,13400,50
식품,ALL,2,[바이오가이아](아이허브) 2개X 바이오가이아 아기 유산균 프로텍티스 베이비드롭 비타민 D 함유 10ml 빠른직구,60800,60800,13
식품,ALL,3,[CJ고메]바삭쫄깃한 탕수육 450g 3봉,23720,23720,14
식품,ALL,4,[애슐리]애슐리 볶음밥 5종(10인분) 1+1+1+1+1,21900,21900,56
식품,ALL,5,[빙그레]붕어싸만코 떡6개+팥6개+빵또아(오리지널)6개,18900,18900,50
식품,ALL,6,[쪽빛누리]비정제원당 설탕대신 원당 10kg 효소 과일청 매실,13900,13900,55
식품,ALL,7,두메산골 신선한 냉장 생닭가슴살 1kg+1kg,10800,10800,0
식품,ALL,8,광천김 고급진 밥도둑 생감태  30매,14620,14620,1
식품,ALL,9,[아침농산]국산 농부의아침 쌀10kg  2020년산,29550,29550,1
식품,ALL,10,[햇반]CJ 햇반 210g 36개 1박스,34900,34900,0
식품,ALL,11,[포스트](해외)오레오오즈500g X 2팩+사은품/허니오즈/씨리얼,17000,17000,0
식품,ALL,12,(행사상품)동진협동_우리토종신동진쌀_10KG 포 ,30600,30600,0
식품,ALL,13,[동원에프앤비]동원 인포켓 치즈 오리지널 (스트링치즈) x40개 + 증정,22500,22500,29
식품,ALL,14,[농협](행사상품)믿고먹는_안심농협쌀_20KG 포 ,57730,57730,1
식품,ALL,15,[미스타셰프]미스타셰프 버섯뚝배기불고기 400g 4팩/반찬/증정,10900,10900,31
식품,ALL,16,[참도깨비]평양냉면 10인분 물냉면/냉면2kg+육수10봉,8900,8900,61
식품,ALL,17,[닥터유]에너지바 40g x 30개 +증정,28900,28900,0
식품,ALL,18,2021 제주 햇 초당 옥수수 20개,29900,29900,0
식품,ALL,19,냉동 오징어 1박스 반찬 오징어 튀김 숙회 무침 3kg,19900,19900,50
식품,ALL,20,[스팸]스팸 클래식 200g 10개,21510,21510,10
식품,ALL,21,비비고 왕교자1.05kg 3개,26010,26010,10
식품,ALL,22,[아워홈]지리산수 핑크 500ml 20병 /생수전문배송,3970,3970,34
식품,ALL,23,[동원참치]라이트 스탠다드 참치 100g 15캔 원터치,17900,17900,10
식품,ALL,24,돈까스목장 리얼 돈까스 10팩+1팩 / 소스10팩+1팩 증정,19900,19900,55
식품,ALL,25,[스팸]스팸 클래식 340g 10개,29610,29610,10
식품,ALL,26,반야월할매 당면만두 420gx3봉,9900,9900,50
식품,ALL,27,[오아로]웰빙채소 파프리카 4.8kg(32-40과),23900,23900,7
식품,ALL,28,[제주삼다수]제주삼다수 500ml 40병 /생수전문배송,17000,17000,35
식품,ALL,29,[맥심]모카골드 커피믹스 180T+180T : 쿠폰가 35500원~,39500,39500,30
식품,ALL,30,미미의밥상 감자탕 4.7kg+라면사리 국내산등뼈 100%,18900,18900,52
식품,ALL,31,[참도깨비]부산 당면만두 20개입x2봉 /2세트시 어묵탕 증정,8650,8650,58
식품,ALL,32,[칠성사이다]칠성 사이다 210ml x 30캔,11500,11500,27
식품,ALL,33,고메 함박스테이크 152gx10봉 (치즈/함박) T,18610,18610,6
식품,ALL,34,[파스퇴르우유]파스퇴르 무항생제 인증 바른목장(190ml54입)/멸균우유,31240,31240,12
식품,ALL,35,[제주삼다수]제주삼다수 2L 6병 /생수전문배송,5500,5500,38
식품,ALL,36,강경 서해젓갈 무색명란젓 파지 선동 1kg 저염 무색소,11500,11500,30
식품,ALL,37,[참도깨비]누들 마법 떡볶이 9인분/누들떡3+스프3/2세트시어묵3봉,8700,8700,56
식품,ALL,38,[정직한밥상]족발 흑마늘 무뼈족발 300g+300g 비싼배달 이제그만,12780,12780,0
식품,ALL,39,쫄깃하고 담백한 소문난 뽕잎 편육 300g x 4,20980,20980,4
식품,ALL,40,[풀무원]풀무원  사계절 아삭 포기김치 10kg,39690,39690,2
식품,ALL,41,달콤한 성주 참외 7kg내외 (크기랜덤),9900,9900,33
식품,ALL,42,[마니커에프앤지]찹쌀 누룽지백숙 910g+910g,16900,16900,33
식품,ALL,43,널담은뚱카롱 오직 널 위한 널담마카롱8구 감동세트,11900,11900,50
식품,ALL,44,[카누]카누 미니 마일드 120Tx2개 총240T: 쿠폰가 30920원~,34900,34900,30
식품,ALL,45,[Gfresh]청주맛집 마을회관  정통수제 양념돼지갈비 1kg+1kg,38690,38690,12
식품,ALL,46,[헬스원]롯데헬스원 초유 프로틴 365 280gx2통,42000,42000,0
식품,ALL,47,[웅진]빅토리아  플레인 500ml x 40개입,17800,17800,20
식품,ALL,48,[아카페라]빙그레 아카페라 바닐라라떼 240mlx20펫 /커피음료,14900,14900,50
식품,ALL,49,[하늘보리]하늘보리 1.5L x 12입,12900,12900,21
식품,ALL,50,[CW청우]왕찹쌀 모나카 27개입 810g/과자/간식/팥/찰떡,11500,11500,58
식품,ALL,51,2개사면 +2개 더/이지퀵다이어트식품/뱃살감량/S라인,38900,38900,50
식품,ALL,52,왕찹쌀떡(60gx30알내외)1.8kg 떡 선물 합격기원,8900,8900,50
식품,ALL,53,[진라면]진라면 매운맛 40봉,30000,30000,0
식품,ALL,54,귤사랑 감귤 하우스감귤 2kg꼬마소과/2개구매시+500g,14500,14500,33
식품,ALL,55,[Gfresh]프레시지 한입 채끝 너비아니 1.2kg(400gx3팩),9900,9900,40
식품,ALL,56,[비비고]비비고 왕교자1.05kg 4개,33210,33210,10
식품,ALL,57,[다담]된장찌개양념 530g x3,16500,16500,20
식품,ALL,58,[제주삼다수]제주삼다수 2L 12병 /생수전문배송,11900,11900,33
식품,ALL,59,[맥심]모카골드 커피믹스 180T+180T 국민커피/최대쿠폰35500,39500,39500,30
식품,ALL,60,[롯데칠성]펩시콜라 제로 210ml x 30캔,12500,12500,26
식품,ALL,61,[락토핏]락토핏 5X 생유산균 골드 50포 3통(150일분),42900,42900,0
식품,ALL,62,[애슐리]애슐리 감바스+빠네+파히타 6인분 홈파티 세트,34500,34500,40
식품,ALL,63,[Gfresh]산과들에 간식 안주 윤후의고구마말랭이50g x20봉,18580,18580,1
식품,ALL,64,[Gfresh]산과들에 하루 한줌 견과류 원데이프리미엄 100낱봉,38360,38360,1
식품,ALL,65,제주 초당 옥수수 15cm이상(특)10개,18900,18900,16
식품,ALL,66,[네스카페]수프리모 오리지널 300T,24900,24900,13
식품,ALL,67,100% 당도선별 수박_8KG이상 통 ,16790,16790,1
식품,ALL,68,[바다원]진미채 1kg 국내가공 오징어채,16000,16000,45
식품,ALL,69,[스팸]CJ제일제당 스팸 클래식 340gx6,18900,18900,9
식품,ALL,70,김선영 조리기능장의 뼈없는갈비탕 600gX10팩,60900,60900,0
식품,ALL,71,명동칼국수 김치 마늘겉절이 2kg+생칼국수 7인분세트,13500,13500,30
식품,ALL,72,[퍼펙트바이오틱스]W프로바이오틱스 여성 질유래유산균 신바이오틱스 5box,19900,19900,9
식품,ALL,73,[백산수]백산수 2L 12병 /생수전문배송,9910,9910,35
식품,ALL,74,[참도깨비]어묵장인 박경도의 어묵탕 220g x5,14440,14440,45
식품,ALL,75,[맥심]화이트골드 커피믹스  180T+180T : 쿠폰가 33500원~,37500,37500,30
식품,ALL,76,[뉴케어]뉴케어 구수한맛 200ml x 30팩 /친숙한맛 균형영양식,41900,41900,0
식품,ALL,77,[보성농협]보성다향미20kg/쌀20kg 2020햅쌀 백미 상등급 당일도정,60900,60900,1
식품,ALL,78,[스파클]스파클생수 2L 30병,14900,14900,0
식품,ALL,79,(깨비농원)고당도 하우스귤 2.5kg 소과,19900,19900,0
식품,ALL,80,[고려은단]고려은단 비타민C1000  600정 (쇼핑백포함),43030,43030,1
식품,ALL,81,N 동서식품_맥심모카골드믹스_230T 2760G ,22680,22680,0
식품,ALL,82,[Gfresh]노르웨이 고등어 140-160g x 10팩,17900,17900,50
식품,ALL,83,널담은뚱카롱 오직 널 위한널담은마카롱 사랑 8구세트,11900,11900,50
식품,ALL,84,(행사상품)H 양념소불고기 2 _1.5kg,18130,18130,1
식품,ALL,85,[장순필]가마솥 육개장(육개탕) 5봉/1봉 600g,14900,14900,40
식품,ALL,86,[웅진]탄산수 플레인 + 레몬 500ml x 40개입 (20페트+20페트),17900,17900,20
식품,ALL,87,스테비아 토마토 토망고 대추방울토마토 500g 2팩,16500,16500,33
식품,ALL,88,[삼육검은콩두유]삼육 검은콩호두아몬드 140ml 48팩,20700,20700,24
식품,ALL,89,[맥심]맥심 모카골드 커피믹스 400T : 쿠폰가 39500원~,43500,43500,30
식품,ALL,90,새우볶음밥  250gx10봉,11900,11900,52
식품,ALL,91,[노르딕내추럴]2개 얼티메이트 오메가3 피쉬 젤라틴 1280 mg EPA 650 / DHA 450 레몬 180 소프트젤 Nordic 빠른직구,79900,79900,18
식품,ALL,92,[고려은단]고려은단 비타민C 1000 600정(20개월분),39900,39900,26
식품,ALL,93,[아워홈]지리산수 핑크 500ml 80병 /생수전문배송,15840,15840,35
식품,ALL,94,[스팸]스팸25% 라이트 340G 10개,29610,29610,10
식품,ALL,95,[리챔]리챔 200g x 10캔 + 리챔 120g x 1캔,19000,19000,10
식품,ALL,96,옥천 메밀 냉면10인분+비빔장 500g+겨자소스 5,7900,7900,50
식품,ALL,97,[동원참치]DHA 참치 150g 원터치 10개,15900,15900,11
식품,ALL,98,[20년산]The Plus 좋은쌀_20KG 포 ,59900,59900,0
식품,ALL,99,[비비고]비비고 사골곰탕 500g 18개,19710,19710,10
식품,ALL,100,영의정 못난이인절미 (대) (30gX60개),15900,15900,50
유아동/출산,ALL,1,[네파키즈](광주신세계)네파키즈)시원한 냉감소재의 공용 트레이닝 세트 KH35951(최초가55 000원),39000,39000,0
유아동/출산,ALL,2,쁘띠뮤/유아동1등상하복 전상품썸머특가,7900,7900,69
유아동/출산,ALL,3,[블랙야크키즈](신세계하남점)[블랙야크키즈]  역시즌 한겨울용  헤비급 야상 / 여아 롱다운자켓 3종택1,77130,77130,22
유아동/출산,ALL,4,[센스(물티슈)]센스물티슈 악어 캡형 100매 10팩+10팩,13500,13500,66
유아동/출산,ALL,5,[블랑슈]블랑슈 저자극 시그니처 아기물티슈 캡형 100매 10팩,10900,10900,66
유아동/출산,ALL,6,[탑텐키즈](신세계아라리오점)정상가 19 900원 ) 모달코튼 온에어 세트,6320,6320,20
유아동/출산,ALL,7,[아이더](신세계센텀점)[21SS]JUM21M01 아이더 키즈 (로데스 )  남여 공용 반팔 반바지 세트 (3가지 컬러),28050,28050,20
유아동/출산,ALL,8,월튼키즈 여름신상/신상베스트/상하복/원피스外,9900,9900,70
유아동/출산,ALL,9,[MLB]아동샌들 여아샌들 남아샌들 학생실내화 여아플랫슈즈,15900,15900,70
유아동/출산,ALL,10,[베베숲]시그니처 그린 70매 캡 20팩,31000,31000,27
유아동/출산,ALL,11,[릴리유]릴리유 퓨어퍼플 물티슈 캡72매X10팩(1BOX),16900,16900,37
유아동/출산,ALL,12,[키스포]3개 이상 사은품 주니어 가성비 트레이닝복 5900부터~,6900,6900,70
유아동/출산,ALL,13,[지오다노]지오다노주니어 썸머 신상 반팔티 반바지 지모션 47%,13800,13800,70
유아동/출산,ALL,14,[베이비베이비]베이비베이비 아기물티슈 트윙클120매 20팩 캡형,14900,14900,66
유아동/출산,ALL,15,[또래친구]인기 상하복/반바지 바캉스룩 추천 9900~12900원 모음,9900,9900,70
유아동/출산,ALL,16,[베베앙]베베앙 아기물티슈  시그니처 대용량 100매 캡형 10팩,12700,12700,56
유아동/출산,ALL,17,[그리니]그리니 프리미엄 아기물티슈 블루 100매 X 20팩 캡형,14500,14500,50
유아동/출산,ALL,18,[프로스펙스]푸마/프로스펙스 특가 아동 반팔+반바지 세트 모음,24900,24900,70
유아동/출산,ALL,19,[아이러브베베]아이러브베베물티슈핑크100매캡형X20팩,13900,13900,50
유아동/출산,ALL,20,[밀크마일]시원하게~상큼하게~ 상하복/티셔츠/원피스 外 특가,6500,6500,69
유아동/출산,ALL,21,[유니프랜드]유니프랜드/오가닉/무형광/유아내의/봄여름신상특가전,4900,4900,69
유아동/출산,ALL,22,[보누맘]아동내의 7부 5부 민소매 9부 실내복 유아내복 모음,4900,4900,69
유아동/출산,ALL,23,[젤리스푼]아동복/여아의류/레깅스/바람막이/7부/상하복,6900,6900,70
유아동/출산,ALL,24,[휠라키즈](신세계강남점)휠라키즈  슬리퍼 균일 4종 19000원,15200,15200,20
유아동/출산,ALL,25,[브라운물티슈]브라운 프리미엄 물티슈 캡형 72매 8팩 + 20매 6팩,15900,15900,69
유아동/출산,ALL,26,[앤디애플]여름특가/상하복/반팔티셔츠/원피스/아동복,9900,9900,70
유아동/출산,ALL,27,아동/주니어 시즌오프 2900원~ 최종가,4900,4900,69
유아동/출산,ALL,28,(반짝특가)도서출판무지개-추피의생활이야기 전71종 단품구매,171420,171420,45
유아동/출산,ALL,29,문해력을 키워주는 필독서 13종,145820,145820,41
유아동/출산,ALL,30,국산 반팔/민소매/7부/내의/실내복/유아/아동/잠옷,7900,7900,69
유아동/출산,ALL,31,[젤리스푼]아동복/아동의류/실내복/여름/키즈바람막이/레깅스,9900,9900,70
유아동/출산,ALL,32,키즈프렌즈 초등교과 어휘왕 가로세로 낱말 (전3권),27700,27700,10
유아동/출산,ALL,33,[미니케이]국산 7부/반팔/유아/아동/주니어/내의/실내복/잠옷,7900,7900,69
유아동/출산,ALL,34,[휠라키즈](현대백화점)[휠라키즈]FK2VTC4101X/크레마 보아베스트,23210,23210,14
유아동/출산,ALL,35,키즈 아동복 여름 신상 반팔 상하복세트 모음,4900,4900,69
유아동/출산,ALL,36,[팬콧키즈]17%쿠폰 반팔상하복 주니어 반바지 팬츠 반팔티의류,12900,12900,70
유아동/출산,ALL,37,[팬콧키즈]팬콧키즈 여름 반팔티/상하복/실내복,18900,18900,70
유아동/출산,ALL,38,[삠뽀요]여름파격특가+15% 데일리템2980원~/상하복 6720원~,7900,7900,69
유아동/출산,ALL,39,프레미뇽 에어스윙 밴드/팬티 4팩 모음+블랭킷 증정,59900,59900,50
유아동/출산,ALL,40,[베베숲]베베숲 프리미어 물티슈 엠보싱 캡 70매 20팩,29600,29600,1
유아동/출산,ALL,41,[비룡소]비룡소 사각사각 그림책 (전25권),239200,239200,9
유아동/출산,ALL,42,국일아이 명탐정 셜록 홈즈 시리즈 10권 세트,100000,100000,9
유아동/출산,ALL,43,[팬콧키즈]아동 샌들 슬리퍼 장화 아쿠아슈즈 유아 초등 물놀이,6900,6900,70
유아동/출산,ALL,44,[베이비베이비]아기물티슈 트윙클 120매 캡형X20팩 대용량 쿠폰할인,16900,16900,66
유아동/출산,ALL,45,[베베숲]아기물티슈 프리미어 캡70매 20팩,32900,32900,19
유아동/출산,ALL,46,[스마트에코]아기물티슈 모데라토 캡형 80매X20팩 엠보물티슈,14900,14900,66
유아동/출산,ALL,47,[천재교육]돌잡이 수학(전 18종+디지털북) - 펜 미포함,99000,99000,0
유아동/출산,ALL,48,어스본 깜짝깜짝 팝업북 5종세트,60000,60000,40
유아동/출산,ALL,49,아이러브베베물티슈핑크 100매 리필형X20팩,12900,12900,66
유아동/출산,ALL,50,[아이러브제이]아이러브제이 키즈 아동 여름 티셔츠 원피스 팬츠,13900,13900,51
유아동/출산,ALL,51,[팸퍼스]팸퍼스 2021에어차차 팬티형 5단계 (52 X 3),72000,72000,0
유아동/출산,ALL,52,[매장동일]탑텐 키즈(TOP10 KIDS)키즈 썸머 라운지웨어 12종(여아),41400,41400,7
유아동/출산,ALL,53,아동 실내복 상하벌 5부 7부 주니어 내의 내복 잠옷,6900,6900,70
유아동/출산,ALL,54,[순수아]순수아 2+2 꼭지8개+빨대8개+빨대솔2개 더블하트 호환,19900,19900,0
유아동/출산,ALL,55,[오이보스]베이비 집중크림 100ml X 2 (미니집중4개증정),29930,29930,4
유아동/출산,ALL,56,[브라운물티슈]브라운 아기물티슈 네이처 마일드 70매 캡형 10+10팩,26900,26900,66
유아동/출산,ALL,57,[베베쥬]여름 코디룩 모음/원피스/상하복/티셔츠/레깅스 외,9900,9900,70
유아동/출산,ALL,58,[블랙야크키즈](신세계강남점)[블랙야크키즈] 21년 SS 반팔 쿨 상하복 5부세트  2종1택,35200,35200,20
유아동/출산,ALL,59,C_또래 퀴즈 시리즈 8종 특별 세트 (인물/과학/세계/호기심/한국사/사회/상식/신기한),80000,80000,20
유아동/출산,ALL,60,[블랙야크키즈]블랙야크키즈 BKO토너5부세트-BKO룩스자켓2종택1,30030,30030,23
유아동/출산,ALL,61,[하기스]하기스 신상 2021 매직썸머/보송팬티/기저귀/네이처,41900,41900,0
유아동/출산,ALL,62,백유연 그림책 세트 (전4권),51000,51000,10
유아동/출산,ALL,63,아동팬티 5매입 순면 속옷 무형광  런닝 유아 주니어,9800,9800,69
유아동/출산,ALL,64,[스마트에코]비바체플러스 120매 캡형 물티슈 10팩 스마일배송,10900,10900,0
유아동/출산,ALL,65,제이비스타일 여름신상 반팔티 반바지 주니어,8900,8900,69
유아동/출산,ALL,66,[버블트리]주니어/여아/의류/아동복/원피스/레깅스/팬츠/쥬니어,11900,11900,69
유아동/출산,ALL,67,[또래친구]주니걸즈 인기 아이템 상하복/원피스/반바지 GIRLS,6900,6900,70
유아동/출산,ALL,68,[바브키즈]바브키즈 여름신상출시 상하복/반팔티/반바지,9900,9900,70
유아동/출산,ALL,69,[체리블랑]여름신상추가 여아의류 주니어 상하복,13900,13900,69
유아동/출산,ALL,70,[플레이비츠]크록스 지비츠 모음/3D지비츠 LED지비츠 토이지비츠,1900,1900,50
유아동/출산,ALL,71,[마마랩]마마랩 아기물티슈 올데이 120매 캡형X20팩,14900,14900,66
유아동/출산,ALL,72,[탑텐키즈](신세계타임스퀘어점패션관)[탑텐키즈](정상가 199.900)슈퍼에어 롱 다운 점퍼 2종,34890,34890,23
유아동/출산,ALL,73,(반짝특가)한국톨스토이-교과서으뜸개념수학탐구/68권,292840,292840,16
유아동/출산,ALL,74,[블루독베이비]공룡포인트상하복외 8종 택 1 41370-672-02-BON,30030,30030,23
유아동/출산,ALL,75,[아토팜]아토팜 2021년 NEW 선크림/선팩트/선스틱/유아/어린이,15400,15400,52
유아동/출산,ALL,76,[베베드피노]버티컬 스트라이프 스모킹 플레이 수트BP0216439,22910,22910,21
유아동/출산,ALL,77,비룡소 사각사각 그림책 26~29번 (전4권),54000,54000,10
유아동/출산,ALL,78,[팸퍼스]팸퍼스 2021 에어차차 팬티형 4단계 (60X3),72000,72000,0
유아동/출산,ALL,79,아동 잠옷 파자마 상하세트 원피스 실내복 남아 여아,15800,15800,69
유아동/출산,ALL,80,[버블트리]~170호/여아/유아/의류/아동복/주니어/원피스/레깅스,13900,13900,69
유아동/출산,ALL,81,[별똥별]별똥별을 타고 온 외계인 인체동화 (세이펜미포함)-브로마이드증정,49500,49500,10
유아동/출산,ALL,82,[팸퍼스]팸퍼스 베이비드라이 5단계 팬티형기저귀36p 4팩,57500,57500,14
유아동/출산,ALL,83,6900원~아동샌들 여아샌들 유아샌들 샌들 아동슬리퍼,6900,6900,70
유아동/출산,ALL,84,[더블하트]모유실감 젖꼭지(4입) (SS/S/M/L/LL/L3) /+사은품증정,21500,21500,60
유아동/출산,ALL,85,[Miel]신상품 런칭기념 미엘물티슈 클래식 100매 캡형 20팩,22900,22900,0
유아동/출산,ALL,86,[베베숲]아기물티슈 프리미어 휴대 캡 20매 12팩,10000,10000,13
유아동/출산,ALL,87,[압타밀]압타밀 분유 HMO 프로푸트라 2단계 6통,189800,189800,0
유아동/출산,ALL,88,[스마트에코]스마트에코 물티슈 비바체 100매 20팩 리필형,12900,12900,66
유아동/출산,ALL,89,[아이러브베베]아이러브베베물티슈 아이보리72매캡형X20팩,18900,18900,66
유아동/출산,ALL,90,베이비반즈 UV 아동/성인 플랩캡/수영복/물놀이용품,17900,17900,69
유아동/출산,ALL,91,[퓨릿지]시그니처 까멜리아 아기 물티슈 100매 10팩,12900,12900,66
유아동/출산,ALL,92,[홈플러스시그니처]홈플러스시그니처_물티슈_100매x20입,20000,20000,0
유아동/출산,ALL,93,여름신상 주니어 여아의류 초등학생 옷 롱티 레깅스,15900,15900,67
유아동/출산,ALL,94,[크록스]크록스 키즈 바야밴드 클로그 핑크 205100-606 샌들,22220,22220,2
유아동/출산,ALL,95,[키즈세이프]어린이 치약 고불소 충치집중케어 60g x 6개+양치컵1개,9900,9900,0
유아동/출산,ALL,96,[스와들업] 신생아 속싸개 뱀부라이트_가볍고부드러운 뱀부원단,38900,38900,42
유아동/출산,ALL,97,[크록스](신세계강남점)[크록스코리아] 205100-410 바야밴드 클로그 키즈,21760,21760,27
유아동/출산,ALL,98,[Miel]미엘 클래식 캡형 100매 20팩 평량 50g 도톰대용량,22050,22050,2
유아동/출산,ALL,99,[꼼짝마스크]블루본 아이노우 소형 마스크 50매,30000,30000,0
유아동/출산,ALL,100,소원나무 창작그림책세트,210000,210000,0
화장품/헤어,ALL,1,[에뛰드]찐 리얼 전품목 50% 특가,25000,25000,50
화장품/헤어,ALL,2,[달바]워터풀 에센스 선크림 50ml 1+1+헤어밴드+클린밤 증정,30400,30400,52
화장품/헤어,ALL,3,AHC 유스래스팅 리얼 아이크림 포 페이스 시즌9 30ml 4개 +12ml,27500,27500,0
화장품/헤어,ALL,4,(1+1+1) 삐아 오토 젤 아이라이너 신규컬러출시,9900,9900,69
화장품/헤어,ALL,5,[에뛰드]여름 메이크업 대전 쿨톤 팔레트 사면 쿨러백 증정,25000,25000,50
화장품/헤어,ALL,6,[밀크바오밥]대용량 세라 헤어바디 2개 골라담기,27900,27900,0
화장품/헤어,ALL,7,[세타필]세타필 대용량 로션 473ml 3개 +미니어처3종,36900,36900,9
화장품/헤어,ALL,8,[샤워메이트]샤워메이트 내추럴 퍼퓸 바디워시  900x5_로2라2프1+증,18500,18500,50
화장품/헤어,ALL,9,[리코셀]알로에 수딩젤 1000ml 1+1 총2000ml 알로에97% 대용량,10500,10500,50
화장품/헤어,ALL,10,[엘리자베스아덴](신세계의정부점)그린티 바디로션 100ml 9개 스페셜세트,31200,31200,22
화장품/헤어,ALL,11,시세이도 센카(senka) 퍼펙트휩 클렌징폼x5개 빠른직구,22410,22410,10
화장품/헤어,ALL,12,[세타필]세타필 대용량1+1(로션 473ml+로션 473ml) +사은품3종,22900,22900,41
화장품/헤어,ALL,13,[Loma](신세계시코르강남역점)[LOMA] 너리싱 샴푸 1L,44100,44100,10
화장품/헤어,ALL,14,[센텔리안24]마데카크림 시즌4 50ml 3개 +아이스쿨러백,35000,35000,51
화장품/헤어,ALL,15,[데싱디바]데싱디바 따끈한2021신상 패디2종+네일1종 특별구성,25900,25900,56
화장품/헤어,ALL,16,[니베아]니베아 데오드란트 롤온 드라이 콤포트 50ml X2개,12690,12690,1
화장품/헤어,ALL,17,[정샘물](신세계강남점)정샘물 에센셜 스킨 누더 롱웨어 쿠션(본품1+리필2)+물크림미백샤셰 3,33600,33600,20
화장품/헤어,ALL,18,[바닐라코]바닐라코 단한번도 없었던 역대급혜택 1+1+1,22000,22000,50
화장품/헤어,ALL,19,[더바디샵][더바디샵] 진저샴푸 400ml 2 + 60ml 2 (총 920ml),28380,28380,1
화장품/헤어,ALL,20,[바닐라코]바닐라코 단한번도 없었던 선스틱 1+1,22000,22000,50
화장품/헤어,ALL,21,[설화수](신세계강남점)[6월]순행클렌징폼,31450,31450,15
화장품/헤어,ALL,22,[이니스프리]UP TO 50% 클렌징 및 씨드세럼 리미티드 에디션 출시,37100,37100,30
화장품/헤어,ALL,23,[도브]16개 Dove 미국 직구 센서티브바 센스티브 뷰티바 스킨 올인원 비누 솝 샴푸 바디워시 106 g 빠른직구,31900,31900,0
화장품/헤어,ALL,24,[헤드앤숄더]헤드앤숄더 가려운두피 샴푸 850ml 3개 s,24300,24300,60
화장품/헤어,ALL,25,[싸이닉](22%중복) 싸이닉 착한습관 비건뷰티 1+1 Up to 72%,19800,19800,67
화장품/헤어,ALL,26,[도브]화이트 바 100g 12개 + 립마스크,15900,15900,66
화장품/헤어,ALL,27,[헤라](신세계강남점)[NEW]블랙쿠션 리뉴얼 디럭스 3개 용량(본품15G+리필15GX2개),76000,76000,5
화장품/헤어,ALL,28,[랑콤](신세계강남점)[5] UV 엑스퍼트 50ml 특별 세트,67610,67610,17
화장품/헤어,ALL,29,[조성아뷰티]조성아 물분크림 오아시스에디션 외 최대86%,19900,19900,50
화장품/헤어,ALL,30,[바닐라코]클린잇제로 클렌징밤 유니콘에디션 대용량 2개 +증정,37500,37500,0
화장품/헤어,ALL,31,트리플SET/6개  케피버블 클렌저 바디워시,36540,36540,0
화장품/헤어,ALL,32,[케라시스]케라시스 데미지 대용량 샴푸 4000ml +펌프증정,12500,12500,50
화장품/헤어,ALL,33,3+1 명품향을 담은 향수득템G,11900,11900,69
화장품/헤어,ALL,34,[케라시스]케라시스 두피클리닉 샴푸 750mlx5개,17500,17500,0
화장품/헤어,ALL,35,[설화수](신세계강남점)[6월]순행클렌징오일,35700,35700,15
화장품/헤어,ALL,36,[키엘](신세계강남점)[6G] 울트라 훼이셜 크림 점보 세트,65140,65140,17
화장품/헤어,ALL,37,[세타필]세타필 1+1(바디워시산뜻한향1000ml+산뜻한향) 사은4종,28900,28900,37
화장품/헤어,ALL,38,[해피바스]해피바스 스마일 바디워시900g 3종세트 유자/체리/자몽,14700,14700,22
화장품/헤어,ALL,39,[휴족시간]휴족시간 쿨링시트 6매입 x5개/총 30매/ 지퍼백포장,13630,13630,1
화장품/헤어,ALL,40,[헤드앤숄더]헤드앤숄더 가려운 두피케어 샴푸 850ml 4개 +미니4개,33740,33740,34
화장품/헤어,ALL,41,AHC 유스래스팅 리얼 아이크림 포 페이스 시즌9 30ml 8개,48500,48500,0
화장품/헤어,ALL,42,[헤라](대구신세계)[NEW] 블랙쿠션 본품+리필,57000,57000,5
화장품/헤어,ALL,43,중복쿠폰+ 토니모리 모공 진정대전 외 BEST,15000,15000,50
화장품/헤어,ALL,44,[Loma](신세계시코르강남역점)[바디워시 본품+스타벅스 증정] LOMA 너리싱 1L 샴푸 + 데일리 1L 샴푸 세트,68200,68200,25
화장품/헤어,ALL,45,[더바디샵][대구백화점 I관] [더바디샵]화이트 머스크 오 드 퍼퓸 50ML,46330,46330,14
화장품/헤어,ALL,46,[빌리프](신세계타임스퀘어점패션관)[SSG 21]아쿠아 밤 75ml 세트(수분크림),50150,50150,15
화장품/헤어,ALL,47,[세타필]세타필 대용량1+1(크림 453g+크림 453g) +사은품3종,29030,29030,1
화장품/헤어,ALL,48,[온더바디]온더바디 더내추럴 코코넛 바디워시 900g 3개,12900,12900,41
화장품/헤어,ALL,49,[무궁화 자연미인]시어버터비누 x 20개 + 거품망 증정,9900,9900,28
화장품/헤어,ALL,50,[라네즈]라네즈 네오쿠션 매트 팬텀 바이올렛 외,37100,37100,30
화장품/헤어,ALL,51,[티에스][TS] [ 여름샴푸 쿨샴푸]  쿨샴푸 500g 2개,39900,39900,0
화장품/헤어,ALL,52,[쿤달]네이처샴푸 500ml 2개+트리트먼트 500ml 베이비파우더,22500,22500,0
화장품/헤어,ALL,53,[빌리프](신세계타임스퀘어점패션관)[SSG 6]클래식 에센스 인크리멘트 50ml 세트,42500,42500,15
화장품/헤어,ALL,54,[니베아]니베아 데오드란트 스프레이 드라이 200ml X2개+증정,13900,13900,66
화장품/헤어,ALL,55,[보르도]민트 발각질제거팩/풋팩/발팩/필링 20g(+행사),4500,4500,66
화장품/헤어,ALL,56,[가오쿠]가오쿠 쇠비름 헤어 에센스 아르간/헤어오일,11900,11900,0
화장품/헤어,ALL,57,[무궁화]샤워때비누 700ml (라벤더+로즈),8900,8900,36
화장품/헤어,ALL,58,[뉴트로지나]인텐스 리페어 시카 에멀젼 310ml 2개,23900,23900,32
화장품/헤어,ALL,59,[온더바디]발을씻자 코튼 풋 샴푸 385ml 레몬+자몽+쿨링,13500,13500,41
화장품/헤어,ALL,60,[해피바스]해피바스마이크로미셀라 딥클렌징폼150g 3개,14900,14900,25
화장품/헤어,ALL,61,[도브]센스티브 바 100g 12개 + 립마스크,15900,15900,66
화장품/헤어,ALL,62,[르네휘테르](신세계강남점)[르네휘테르] 아스테라 프레쉬 진정 쿨링 샴푸 600ml,37800,37800,30
화장품/헤어,ALL,63,[아토팜]아토팜 판테놀 크림 80mlx2개 (+샘플킷6개) 공식대리점,43000,43000,0
화장품/헤어,ALL,64,[리스테린]리스테린 쿨민트 마일드 750ml 5개입  +랜덤100ml+펌프,37430,37430,0
화장품/헤어,ALL,65,[려]려 흑운 모근영양 샴푸 500ml 4개,18900,18900,24
화장품/헤어,ALL,66,[코리아나]1+1 썸머페스티벌 여름 피지케어 세트 오픈+증정,19900,19900,69
화장품/헤어,ALL,67,닥터 반코르 맥주효모 탈모완화 기능성 샴푸,26500,26500,0
화장품/헤어,ALL,68,[Jayjun]인텐시브브라이트닝슬리핑팩4mlx30x2개 미백 주름 탄력,19900,19900,16
화장품/헤어,ALL,69,[프리메라]프리메라 베스트구성 오가니언스2종 +증정,51000,51000,15
화장품/헤어,ALL,70,[백옥생]썬크림 3개 SPF50+/PA+++ 미백/주름개선/자외선차단,9900,9900,9
화장품/헤어,ALL,71,[라로슈포제](신세계김해점)[SSG 단독] 유비데아 톤업 점보 사이즈,35100,35100,22
화장품/헤어,ALL,72,[케라시스]케라시스 퍼퓸 샴푸 600mlx5개(러1엘1퓨1글1블1)+3종증,17500,17500,50
화장품/헤어,ALL,73,[가히]가히 멀티밤 김고은 멀티밤 주름개선/눈가/팔자/목주름,28900,28900,0
화장품/헤어,ALL,74,[도브]16개 Dove 미국 직구 센서티브바 센스티브 뷰티바 스킨 올인원 비누 솝 샴푸 바디워시 106 g 빠른직구,27100,27100,15
화장품/헤어,ALL,75,[니베아]니베아 데오드란트 스틱 드라이 콤포트 40ml X2개,13630,13630,1
화장품/헤어,ALL,76,[유세린]유세린 베스트 썬 제품 1+1 할인특가/아이크림 외,38500,38500,62
화장품/헤어,ALL,77,[크리니크](신세계강남점)[6] NEW 쏙보습크림 75ml (+30ml 정품   디럭스 3종 추가 구성) (핑크수분크림 100시간),46750,46750,15
화장품/헤어,ALL,78,리스테린 그린티 마일드 750ml 5개입  +랜덤100ml+펌프,44060,44060,0
화장품/헤어,ALL,79,[닥터방기원]랩 탈모샴푸 1Lx3통+랩토닉 150ml,23900,23900,7
화장품/헤어,ALL,80,도브 뷰티 바 비누 센시티브 스킨 16개팩 (총 1.70kg),28900,28900,0
화장품/헤어,ALL,81,[바비브라운](신세계강남점)[6]롱웨어 크림 섀도우 스틱 세트 (미니 롱웨어 크림 섀도우 스틱 증정),36340,36340,19
화장품/헤어,ALL,82,[팬틴]팬틴 극손상케어 트리트먼트 220ml 6개 +사은품,29940,29940,40
화장품/헤어,ALL,83,[헤드앤숄더]헤드앤숄더 딥클린 샴푸 850ml 4개,22680,22680,0
화장품/헤어,ALL,84,[멘소래담]50종택1 아크네스하다라보 클리어런스 세일 UP TO 85%,13900,13900,50
화장품/헤어,ALL,85,[헤드앤숄더]헤드앤숄더 쿨멘솔 샴푸 850ml 4개,22900,22900,0
화장품/헤어,ALL,86,[아모스프로페셔널]1+1 아모스 컬링에센스 2X 150ml,16760,16760,1
화장품/헤어,ALL,87,[달바]워터풀 마일드 선크림 50ml (1+1) 촉촉 무기자차,30400,30400,0
화장품/헤어,ALL,88,[ahc]AHC 바이탈 골든 콜라겐 스페셜 스킨케어 세트 /시즌2,36900,36900,0
화장품/헤어,ALL,89,[시드물]마다가스카르리얼수분크림/장벽강화/병풀성분/민감성,23800,23800,0
화장품/헤어,ALL,90,[셀퓨전씨](셀퓨전씨(CELL FUSION C)) 레이저 썬스크린 50ml+50ml (레이저썬 10ml 3개 + 쿨링마스크 2매),30780,30780,24
화장품/헤어,ALL,91,[BRTC]포어 타이트닝 세럼 50ml/G1761,14900,14900,61
화장품/헤어,ALL,92,KAHI 링클 바운스 멀티밤 9g 주름케어,28430,28430,0
화장품/헤어,ALL,93,[리스테린]리스테린 토탈케어 마일드 750ml 5개입 +100ml+펌프,47230,47230,0
화장품/헤어,ALL,94,[헤드앤숄더]헤드앤숄더 퍼퓸프레쉬 신제품 750ml 샴푸 3개s,24300,24300,60
화장품/헤어,ALL,95,[해피바스]해피바스 내추럴정말순한바디워시 900G x4개,15900,15900,23
화장품/헤어,ALL,96,[베네피트][베네피트] 베네피트 베스트 틴트 세트(+틴트 디럭스 샘플 증정),22950,22950,15
화장품/헤어,ALL,97,[도브]화이트 바 100g 8개 + 핑크 바 100g 4개 + 립마스크,15900,15900,66
화장품/헤어,ALL,98,[닥터시드]슈퍼시드밤 리바이탈라이즈 샴푸 1000ml 베베머스크1+1,23900,23900,66
화장품/헤어,ALL,99,[케라시스]케라시스 티트리오일 샴푸 1000ML 1개X3개,25900,25900,0
화장품/헤어,ALL,100,[헤라](신세계강남점)[기획]선 메이트 프로텍터 50ml 세트,32300,32300,15
신발/잡화,ALL,1,[투투삭스]안벗겨지는 페이크삭스/덧신/패션양말/스니커즈/학생,6900,6900,70
신발/잡화,ALL,2,[프롬산타]3+1 봄 신상 면 덧신/양말/스타킹 남자여자발목학생,6900,6900,70
신발/잡화,ALL,3,[아디다스]여름 슬리퍼 13종 택 1 (FZ0387B41720),36110,36110,16
신발/잡화,ALL,4,[크록스]crocs크록스바야밴드샌들슬리퍼비치슈즈크록밴드10종,26900,26900,0
신발/잡화,ALL,5,타니즈_여름샌들/뮬/슬리퍼 36종(전 상품 7900 균일),7900,7900,69
신발/잡화,ALL,6,신상 여성샌들 여성슬리퍼 여자 샌들 슬리퍼 여름샌들,9900,9900,70
신발/잡화,ALL,7,[가나양말]페이크삭스 덧신 양말 8켤레 2+1행사,6900,6900,70
신발/잡화,ALL,8,[이사도라]신상 여름슈즈/슬리퍼/스니커즈/젤리슈즈,8900,8900,69
신발/잡화,ALL,9,지금 사면 딱 좋은 여성 슬리퍼 샌들 뮬 블로퍼 신발,9800,9800,69
신발/잡화,ALL,10,[크록스]크록스라이트라이드슬리퍼 네이비/화이트/그레이/블랙,28000,28000,0
신발/잡화,ALL,11,[크록스]204108-02S 205392-126 크록밴드 바야 슬라이드 13종,24600,24600,18
신발/잡화,ALL,12,단골언니 여성 여름 샌들/플랫/스트랩/웨지/슬리퍼,12800,12800,69
신발/잡화,ALL,13,[스코노]클리오 여름 클래식 슬라이드_SCD0921 본사정품,31900,31900,0
신발/잡화,ALL,14,[리복]로얄 EC 라이드 4 FX2399 FZ3437 FX2401 FZ3435,31590,31590,19
신발/잡화,ALL,15,[리복]리복 클라우드라이드 DMX 5.0 FY1276 FY1278,29050,29050,17
신발/잡화,ALL,16,[월드컵]월드컵 남성 여성 운동화/런닝화/슬리퍼/샌들/슬립온,7400,7400,69
신발/잡화,ALL,17,[크록스]악어 (정품) 악어 밴드 남녀 샌들과 슬리퍼 10 종,26000,26000,0
신발/잡화,ALL,18,1+1 여성 썬캡 밀짚 모자 라탄 버킷 햇 벙거지,9900,9900,70
신발/잡화,ALL,19,힐슈빌 여성샌들 여름샌들 샌들 스트랩 웨지 플랫샌들,9800,9800,69
신발/잡화,ALL,20,[소다]소다그룹 슈스파 25%쿠폰 SS신상 남여 50종 택1,49000,49000,50
신발/잡화,ALL,21,미니 레디백  소형 캐리어 기내 여행 가방,24900,24900,0
신발/잡화,ALL,22,[엘칸토]엘칸토 남녀 샌들/스니커즈/컴포트화/슬립온/로퍼,45000,45000,65
신발/잡화,ALL,23,[에스앤알디]17%쿠폰 여성신발 여성샌들 스트랩샌들 통굽 슬리퍼,14800,14800,69
신발/잡화,ALL,24,[엘칸토]엘칸토 남성 소가죽 샌들 선런칭/스니커즈/정장화,45000,45000,65
신발/잡화,ALL,25,플랫 샌들 미들굽 스트랩 웨지 힐 통굽 여름 여자여성,16800,16800,70
신발/잡화,ALL,26,[크록스]Crocs (크록스) Bayaband 샌들 슬리퍼 비치 슈즈,26900,26900,0
신발/잡화,ALL,27,[이사도라]컬러풀 오픈 토 샌들 6color 여름 샌들 슬리퍼 외 50종,9900,9900,70
신발/잡화,ALL,28,층간소음방지 덧신 쿠션 면 어린이집 실내화 슬리퍼,5900,5900,0
신발/잡화,ALL,29,국산 10켤레 남자양말 패션 발목 덧신 중목 신사 정장,6400,6400,69
신발/잡화,ALL,30,[가나양말]남자 여자 발목 덧신 페이크삭스 정장 스포츠 양말,6500,6500,69
신발/잡화,ALL,31,[캐시밴질랜드 외] 홈쇼핑 인기 샌들/슈즈 23종,19000,19000,0
신발/잡화,ALL,32,핏플랍 21SS 여성샌들/슬라이드 국내발송 (960635_B),69900,69900,0
신발/잡화,ALL,33,PM 088 남성 슬리퍼 여성 샌들 아쿠아슈즈 여름 신발,15800,15800,69
신발/잡화,ALL,34,[랩](신세계강남점)러닝)아만다_복조리백(AM1AB260)(AL3AB960),42480,42480,10
신발/잡화,ALL,35,판매1위 봄 신상 은침귀걸이 롱 링 마스크목걸이,3900,3900,69
신발/잡화,ALL,36,[헤지스ACC]헤지스 카드지갑/반지갑/클러치/쇼퍼백/크로스백+25%,75600,75600,70
신발/잡화,ALL,37,신바바 S 보석 스트랩 플랫샌들 여성 큐빅 뒤 밴딩,22800,22800,70
신발/잡화,ALL,38,[분홍코끼리](신세계강남점)[분홍코끼리](쫀득몰드창) 발라드 니트 슬링백 블로퍼(4cm/6cm),24790,24790,19
신발/잡화,ALL,39,[금강제화](25%+구두약)금강 특가에 진심 샌들/우븐슈/캐주얼,44000,44000,68
신발/잡화,ALL,40,[페이퍼플레인]25%쿠폰 운동화 스니커즈 에어쿠션 런닝화,39800,39800,69
신발/잡화,ALL,41,[에스콰이아]에스콰이아_소노비  가방/지갑/잡화 신상모음전,35000,35000,69
신발/잡화,ALL,42,[노스페이스]공용 럭스 샌들4 NS98L01,54060,54060,21
신발/잡화,ALL,43,[월드컵]패키지 남여 공용 런닝화 운동화 워킹화 스니커즈,18900,18900,69
신발/잡화,ALL,44,[닥스ACC]닥스카드홀더/지갑/클러치/버킷백/숄더백/스카프+25%,111780,111780,70
신발/잡화,ALL,45,[케이스위스]남녀 기능성 샌들 8종 택1 4120DL256 4219DL214,17000,17000,15
신발/잡화,ALL,46,[아디다스](FY8786) 듀라모 SL 슬라이드,28130,28130,17
신발/잡화,ALL,47,[페이퍼플레인]쿠폰25% 여름신발 여성샌들 여성슬리퍼 남성슬리퍼,11800,11800,69
신발/잡화,ALL,48,핏플랍FITFLOP IQUSHION ERGONOMIC 슬리퍼 womens 아이쿠션,17960,17960,17
신발/잡화,ALL,49,[베어파우]20% 폴로베어파우外성인키즈 21SS 슈즈 131종 택1,29000,29000,69
신발/잡화,ALL,50,[크록스]CROCS 크록스/샌들/라이트라이드/LiteRide/2045592,39000,39000,0
신발/잡화,ALL,51,[금강제화](25%)금강 남성화 엄선/여성화 샌들/캐주얼,44000,44000,68
신발/잡화,ALL,52,프로젝트VV 자사 정품 남녀 선글라스 50종 창고정리,5900,5900,68
신발/잡화,ALL,53,[스프리스]조보아 착용 브랜드 남녀공용 스니커즈 샌들 모음,29670,29670,70
신발/잡화,ALL,54,[브라이튼]캐리어 20인치 24인치 28인치 기내용 여행용가방,29800,29800,69
신발/잡화,ALL,55,남녀공용 힙색/슬링백/메신저백/바디백/보조가방,11900,11900,69
신발/잡화,ALL,56,2in1 샌들 슬리퍼 겸용 플렉시4100,14900,14900,69
신발/잡화,ALL,57,[핏플랍](신세계김해점)[바라샌들] 브라운 레더 여성화 FFSO1E105W2,133480,133480,29
신발/잡화,ALL,58,563랩 볼륨 포니 헤어핀 1세트 (3개입),14900,14900,0
신발/잡화,ALL,59,15%쿠폰 글로벌 BT21/디즈니 정품 슬리퍼/방한화,5900,5900,69
신발/잡화,ALL,60,[프롬산타]3+1 남여 봄 양말/덧신 스니커즈로퍼발목스타킹흰색,6900,6900,70
신발/잡화,ALL,61,[무크]mook 21SS 샌달/로퍼/스니커즈 등 25% 중복,45000,45000,50
신발/잡화,ALL,62,[프랑스와나자르] 시그니처 태슬 웨지샌들,64000,64000,1
신발/잡화,ALL,63,검증된 베스트 남자신발/스니커즈/운동화/신발/슬립온,11800,11800,69
신발/잡화,ALL,64,[분홍코끼리](신세계강남점)[분홍코끼리](쫀득창) Vol.2 뛰어봐 탄력샌들(2종택1),27050,27050,19
신발/잡화,ALL,65,HNC 스마트 솔리드 자동 장우산,6900,6900,69
신발/잡화,ALL,66,말랑말랑 컬러 실내 쿠션 슬리퍼 1+1 거실화/욕실화,9900,9900,70
신발/잡화,ALL,67,[아디다스]오즈위고 (EE6999),105780,105780,18
신발/잡화,ALL,68,[엔비]만두 포니 헤어 곱창 세트 밴드 머리끈 슈슈 집게핀,10900,10900,69
신발/잡화,ALL,69,[금강제화](25%)금강제화 신상입고 샌들/정장화/우븐슈/캐주얼,44000,44000,68
신발/잡화,ALL,70,[까르페디엠]C무지 자동장우산/튼튼한 아동 여성 남성 초등학생,6900,6900,0
신발/잡화,ALL,71,[비비안]고탄력 덧신10족/누드/풋커버/페이크삭스/레이스/여성,6900,6900,70
신발/잡화,ALL,72,[다잇샵]국산 10켤레 남자 발목양말 중목 단목 패션 정장 여름,5800,5800,1
신발/잡화,ALL,73,16 UV 자외선차단 우양산 장우산 양산 3단 자동 우산,5900,5900,1
신발/잡화,ALL,74,국내제작 10켤레특가 국산양말/발목/학생/발가락/덧신,6200,6200,0
신발/잡화,ALL,75,14K GOLD_pin 귀걸이/마스크목걸이/진주링귀걸이,9900,9900,68
신발/잡화,ALL,76,[핏플랍](신세계강남점)핏플랍 스키니Z-크로스II샌들 FFSO1E106 BK/CM/I2(블랙/카멜/베이지) 21 S/S 여성화,129240,129240,23
신발/잡화,ALL,77,KA 7107 남성 여성 운동화 런닝화 워킹화 에어 신발,21800,21800,69
신발/잡화,ALL,78,여성장화 레인부츠 레인슈즈 여성 방수 장마철 숏 1688,13800,13800,70
신발/잡화,ALL,79,에어런9400 에어운동화/런닝화/워킹화,18900,18900,70
신발/잡화,ALL,80,스케쳐스 맥스쿠셔닝 남/여 슬리퍼 SP0MS20M111 5종,48970,48970,17
신발/잡화,ALL,81,거꾸로 3단 자동 우산 양산 장우산 골프 등산 낚시,15900,15900,0
신발/잡화,ALL,82,[스코노]아텐 여름 컴포트 샌들_SCD0923SD 본사정품 무료배송,31900,31900,0
신발/잡화,ALL,83,[까르페디엠]스마트 자동장우산(예쁜 무지 여성 학생 튼튼한 패션),6900,6900,0
신발/잡화,ALL,84,쿠션좋은 여성 웨지힐 통굽 사무실 뮬 슬리퍼 샌들 7cm,25500,25500,0
신발/잡화,ALL,85,[가나양말]남자 여자 학생 덧신 발목 중목 장목 스포츠 양말,6900,6900,70
신발/잡화,ALL,86,[아디다스]아딜렛크록 FY8969외 2종 택1 GJ,30600,30600,15
신발/잡화,ALL,87,2+1 신상 덧신/페이크삭스/패션양말/발목/남성여성,6900,6900,0
신발/잡화,ALL,88,여성 여름 발편한 통굽 컴포트 샌들 엄마 중년 신발,29800,29800,0
신발/잡화,ALL,89,아디다스adidas ADILETTE SANDAL K 샌들 kids G26879,25420,25420,18
신발/잡화,ALL,90,단골언니 여성 사무실 통굽 슬리퍼 실내화 간호샌들,12800,12800,69
신발/잡화,ALL,91,[비너스]비비안 외 고탄력 팬티 스타킹 10매 압박 판타롱 학생,9900,9900,70
신발/잡화,ALL,92,반지증정 14K골드 정품 귀걸이/팔찌/피어싱,19900,19900,69
신발/잡화,ALL,93,[크록스](현대백화점)10126-001 바야 유니섹스,26620,26620,10
신발/잡화,ALL,94,1+1 행사/무료배송12켤레 덧신 페이크삭스 패션 양말,6900,6900,0
신발/잡화,ALL,95,여성장화 레인부츠 레인슈즈 장화 장마 방수부츠 버클,13900,13900,69
신발/잡화,ALL,96,F 905 남성 슬리퍼 샌들 여성 아쿠아슈즈 여름 신발,22800,22800,0
신발/잡화,ALL,97,데일리 여성가방/크로스백/클러치/숄더백/미니백,15900,15900,70
신발/잡화,ALL,98,남성용 덧신 쿠션 면 어린이집 실내화 슬리퍼,5900,5900,0
신발/잡화,ALL,99,데일리 여성가방/라탄백/숄더백/크로스백/에코백/백팩,9900,9900,70
신발/잡화,ALL,100,[크록스](신세계경기점)[크록스코리아] 204950-060 레이 2 크로스스트랩 앵클 웨지 (블랙),25330,25330,27
패션의류,ALL,1,요즘에/썸머신상+15%/청바지/슬랙스/린넨/반바지/3XL~,9900,9900,70
패션의류,ALL,2,루즈델리 썸머15%쿠폰 빅사이즈 롱원피스/투피스 여름,11900,11900,69
패션의류,ALL,3,티탁 여름신상 데일리 세트/원피스/롱티셔츠/빅사이즈,6900,6900,70
패션의류,ALL,4,최대80~여성 반팔 티셔츠 여자 조거 청바지 빅사이즈,13600,13600,0
패션의류,ALL,5,쇼인더룸 15%쿠폰특가 여름신상 티셔츠/팬츠/빅사이즈,12900,12900,69
패션의류,ALL,6,15%쿠폰/1+1+1 나시/속바지/면/텐셀/인견/모달/쿨론,6900,6900,70
패션의류,ALL,7,쉬블림로브 15%쿠폰 균일가 블라우스 셔츠 상하세트,8900,8900,69
패션의류,ALL,8,수맘 여름 신상입고 15%쿠폰 면 홈웨어 잠옷 세트,5900,5900,69
패션의류,ALL,9,메이시스 여름 빅사이즈 원피스 블라우스 티셔츠,9900,9900,70
패션의류,ALL,10,시크루즈/15%/홈웨어/원피스/바지/빅사이즈/롱원피스,11900,11900,69
패션의류,ALL,11,15%쿠폰 데이뮤즈 원피스/자켓/가디건/바지/블라우스,9900,9900,70
패션의류,ALL,12,9900원 균일가 로델리 여름원피스 블라우스 핫팬츠,9900,9900,70
패션의류,ALL,13,[데일리앤]여름신상 루즈핏 홈웨어 린넨 플라워 롱 나시 원피스,6900,6900,70
패션의류,ALL,14,패션라인15%쿠폰여름블라우스 원피스/티셔츠/빅사이즈,12900,12900,70
패션의류,ALL,15,홈쇼핑히트 21S/S 블라우스/원피스/티셔츠/팬츠 外,9900,9900,70
패션의류,ALL,16,[지오다노]지오다노 상반기결산/폴로피케/여름 티셔츠 외~75%OFF,12000,12000,70
패션의류,ALL,17,니트모아 가디건/로브/롱가디건/니트/원피스/빅사이즈,9900,9900,70
패션의류,ALL,18,여름신상 홈웨어 잠옷 사은품 증정,5900,5900,69
패션의류,ALL,19,[BYC]15%쿠폰/여성팬티/위생/노라인/면/보정/나시/속바지,6900,6900,70
패션의류,ALL,20,15%쿠폰 3+1 1+1특가 여름 쿨링 밴딩팬츠모음~4XL,6900,6900,70
패션의류,ALL,21,[에잇세컨즈]쿠폰10% 지금 날씨에 딱 남녀 인기상품 셔츠/원피스外,15900,15900,68
패션의류,ALL,22,단비샵 봄신상/블라우스/팬츠/원피스/자켓/가디건,9900,9900,70
패션의류,ALL,23,다온샵/여름신상15% 빅사이즈/데님/슬랙스/린넨/팬츠,9900,9900,70
패션의류,ALL,24,[모카썸]모카썸 NEW썸머 티셔츠/원피스/1+1/루즈핏,6900,6900,70
패션의류,ALL,25,스위트바니 여름신상 롱티셔츠/반팔/빅사이즈/원피스,12900,12900,70
패션의류,ALL,26,루나샵 여름신상 티셔츠 롱티/원피스/박스티/빅사이즈,5900,5900,69
패션의류,ALL,27,시원한 냉장고 바지 세트/파자마/원피스,5900,5900,69
패션의류,ALL,28,[댑]댑 본사직영판매 신상잠옷세트/잠옷/파자마外 50종택1,9900,9900,50
패션의류,ALL,29,[디키즈]17% 추가쿠폰_디키즈 SUMMER 반팔티/반바지 SALE,9900,9900,70
패션의류,ALL,30,에이블린 여름신상/원피스/스커트/롱티셔츠,12900,12900,70
패션의류,ALL,31,프라랑 신상 원피스/블라우스/티셔츠/루즈핏,9900,9900,70
패션의류,ALL,32,[레노마 레이디스]현대아울렛 레노마레이디 블라우스/티셔츠/스커트 등,20000,20000,0
패션의류,ALL,33,프라이데이 여름신상/빅사이즈/원피스/루즈핏티셔츠,11900,11900,69
패션의류,ALL,34,[이너리즘]1+1 오픈백 노와이어 스포츠브라탑 2장/노라인팬티,7500,7500,70
패션의류,ALL,35,브리치x허니제이 BEST 15%쿠폰 셔츠/가디건/팬츠,14300,14300,69
패션의류,ALL,36,티메이 15%할인 블라우스 원피스 티셔츠 반팔,9900,9900,69
패션의류,ALL,37,[슬레진저]남성/여성 3부~9부 파자마 잠옷바지 커플잠옷 국산 면,6900,6900,70
패션의류,ALL,38,[닉스]닉스 성인아동 흄 반팔티 티셔츠 청바지 외 특가전,10000,10000,69
패션의류,ALL,39,[라보라]기획패키지 노와이어 브라팬티 10종세트+팬티2종,39900,39900,70
패션의류,ALL,40,글램공감/브라1+팬티2/속옷세트/A~D컵/빅사이즈,7900,7900,69
패션의류,ALL,41,[비너스]노와이어브라 여자 여성 속옷 브래지어 세트 인견,9900,9900,70
패션의류,ALL,42,~4XL 오버핏 남자 반팔티 남성 티셔츠 면티 의류 반팔,9900,9900,70
패션의류,ALL,43,[샐리]여름 인기템 가득~ NEW+BEST 루즈핏 원피스/린넨 外,19900,19900,69
패션의류,ALL,44,15%쿠폰/아이스냉감/스판/린넨/트레이닝바지/반바지,10800,10800,70
패션의류,ALL,45,[인디안]인디안 여름 포멀룩코디 여름셔츠/팬츠外,19800,19800,70
패션의류,ALL,46,코코블랑 여름신상 블라우스/티셔츠/원피스/니트/팬츠,10500,10500,70
패션의류,ALL,47,전국민15%쿠폰 여름NEW 빅사이즈/롱원피스/데님/4XL~,17400,17400,70
패션의류,ALL,48,달리샵 빅사이즈 여름신상 베스트 티셔츠/원피스/팬츠,9900,9900,70
패션의류,ALL,49,15%쿠폰/아이스냉감/균일가/반팔반바지세트/여름바지,12900,12900,0
패션의류,ALL,50,[에잇세컨즈]10%쿠폰 무배 남녀 S/S 인기 상품 셔츠/원피스/팬츠外,15900,15900,68
패션의류,ALL,51,[이지바이](15%쿠폰)추리닝/반팔티/냉감티/밴딩바지/등산바지,7900,7900,69
패션의류,ALL,52,시크루즈/15%/티셔츠/홈웨어/SET/박스티/빅사이즈,6900,6900,70
패션의류,ALL,53,[마르조]마르조X오나라 썸머 大할인 모음전~신상 입고,9900,9900,70
패션의류,ALL,54,[디키즈]17% 추가쿠폰_디키즈 SUMMER 런칭 프로모션,9900,9900,70
패션의류,ALL,55,반팔티셔츠/빅사이즈/여름티/티셔츠/남자/남성/면/티,7900,7900,69
패션의류,ALL,56,남여공용 30수 코마사 면반팔 1+1+1 3장세트,8900,8900,69
패션의류,ALL,57,[플랙](신세계강남점)남여 데님 팬츠 10종 택1(PJTO5SZD071 PJTO5NKD071 PJTO5MLD071 PJTO5BED071 PJTZ5BEK081...,44840,44840,24
패션의류,ALL,58,이프지 15%할인쿠폰 티셔츠 롱티 여성반팔티 빅사이즈,6900,6900,70
패션의류,ALL,59,15% 쿠폰/데이데이 여름신상 블라우스/린넨/자켓,9900,9900,70
패션의류,ALL,60,[지오다노]지오다노 린넨 셔츠/여름니트/이지팬츠 外~75%OFF,23000,23000,69
패션의류,ALL,61,[지오다노]지오다노 여름 팬츠특가/반바지/슬랙스/치노外~75%OFF,19000,19000,69
패션의류,ALL,62,[BYC]5매 9900원 삼각팬티 남성 남자 속옷 아날도바시니,6900,6900,0
패션의류,ALL,63,네모 트렌디한 여름 취향저격 날씬템 스커트/팬츠,12900,12900,69
패션의류,ALL,64,[머스트비]머스트비x바닐라비 여름 신상품  / 기간 특가,15500,15500,69
패션의류,ALL,65,엄마옷로즈맘 여름신상60종 인견 5060중년여성의류,12900,12900,70
패션의류,ALL,66,[폴햄]폴햄 외 린넨셔츠/팬츠 모음전,9900,9900,70
패션의류,ALL,67,[매니몰](15%쿠폰)매니몰 반팔티 /반바지/남녀공용/ S~4XL,9900,9900,70
패션의류,ALL,68,이그잼플 남여공용 면트레이닝 바지 반팔 반바지,6900,6900,70
패션의류,ALL,69,[이지바이](15%쿠폰)스포츠/아웃도어 균일/반팔티/추리닝/바지,8000,8000,69
패션의류,ALL,70,모노시크/15%/티셔츠/신상/데일리/루즈핏/빅사이즈,7900,7900,69
패션의류,ALL,71,달리샵 신상 15%쿠폰 빅사이즈 티셔츠/스커트/팬츠,9900,9900,70
패션의류,ALL,72,브리치x바이미쓰리 BEST 셔츠/팬츠/원피스,7900,7900,69
패션의류,ALL,73,쏭스타일 신상 롱티/빅사이즈/원피스 특가,7900,7900,69
패션의류,ALL,74,투투/여름신상 린넨/배기/슬랙스/청바지/반바지 5XL,9900,9900,70
패션의류,ALL,75,[핫코드]여름 남자청바지/빅사이즈/슬랙스/일자/스판/옷/행사,15900,15900,70
패션의류,ALL,76,[에잇세컨즈]에잇세컨즈 상반기 슈퍼세일 +10%추가쿠폰,19900,19900,66
패션의류,ALL,77,[로드스타]남성 여성 반팔 순면 무지 티셔츠 오버핏 빅사이즈,4500,4500,70
패션의류,ALL,78,[SOUP]20%쿠폰 판매 베스트 여름 데일리 원피스/티셔츠/팬츠,18900,18900,50
패션의류,ALL,79,[인디안]인디안 시원한 여름 젠틀수트 정장/셔츠/팬츠外,22500,22500,70
패션의류,ALL,80,반팔티 운동복 티셔츠 원피스 블라우스 빅사이즈 셋트,9900,9900,70
패션의류,ALL,81,브리치x한미미 BEST 티셔츠/팬츠/스커트,14500,14500,69
패션의류,ALL,82,(15%쿠폰)애플힙 쿨링팬츠 빅사이즈 4XL 슬랙스/8부,6900,6900,69
패션의류,ALL,83,남성 진짜팬티 4종 세트 남자 면 스판 사각 드로즈,11900,11900,0
패션의류,ALL,84,[지오다노]지오다노 쇼케이스 에코반팔 런칭/폴로 티/버뮤다~73%,12000,12000,70
패션의류,ALL,85,M~4XL여름 남여 쿨론티/면 반팔/기능성/긴팔/빅사이즈,6900,6900,70
패션의류,ALL,86,[슈프림]~5XL 오버핏 반팔티 남성 티셔츠 남자 여성 빅사이즈,8900,8900,69
패션의류,ALL,87,[퍼스트클로]습기제로 여름 쿨/밴딩팬츠/빅사이즈 레깅스~4XL,5900,5900,69
패션의류,ALL,88,[폴햄]폴햄 외 반팔티/린넨셔츠 모음전,7900,7900,69
패션의류,ALL,89,[핫코드]여름 남자 반팔셔츠/빅사이즈/와이셔츠/린넨체크/행사,13900,13900,69
패션의류,ALL,90,(25%쿠폰)여름 BEST 씨/비키 외 원피스/블라우스/팬츠,19900,19900,69
패션의류,ALL,91,[폴햄]폴햄 외 여름 반팔/민소매/반바지 모음전,6900,6900,70
패션의류,ALL,92,[트라이]여성팬티 5매/여자/여성/속옷/미디/맥시/위생/삼각/면,9900,9900,70
패션의류,ALL,93,[BYC]보디드라이 이너웨어/ 런닝 5매입 -17%쿠폰,14000,14000,69
패션의류,ALL,94,[크로커다일]크로커다일 에어리 초경량 브라팬티 12종,76710,76710,3
패션의류,ALL,95,아이스냉감~냉장고에서 갓 꺼낸듯한 반팔반바지세트,12900,12900,70
패션의류,ALL,96,15%쿠폰/봄 여름파자마/인견/엠보/실크/지지미/기장별,5900,5900,69
패션의류,ALL,97,더다다 신상 빅사이즈 루즈핏/원피스/팬츠/레깅스,5900,5900,69
패션의류,ALL,98,여름신상/남자청바지/5부/빅사이즈/7부/반바지,12800,12800,69
패션의류,ALL,99,[헤지스]헤지스반팔티/카라티/긴팔티/캐주얼셔츠/린넨셔츠+25%,53400,53400,70
패션의류,ALL,100,[헤지스]헤지스남녀시즌오프 반팔티/카라티/긴팔티/원피스/25%,71200,71200,69
